[{"fields": {"body": "<p>Column 1</p>\n"}, "model": "djangocms_text_ckeditor.text", "pk": 4}, {"fields": {"body": "<p>Column 2</p>\n"}, "model": "djangocms_text_ckeditor.text", "pk": 5}, {"fields": {"body": "<p>This is <strong>django CMS</strong>!</p>\n"}, "model": "djangocms_text_ckeditor.text", "pk": 6}, {"fields": {"body": "<p>Column 1</p>\n"}, "model": "djangocms_text_ckeditor.text", "pk": 9}, {"fields": {"body": "<p>Column 2</p>\n"}, "model": "djangocms_text_ckeditor.text", "pk": 11}, {"fields": {"body": "<p>This is <strong>django CMS</strong>!</p>\n"}, "model": "djangocms_text_ckeditor.text", "pk": 12}, {"fields": {"model": "placeholder", "name": "placeholder", "app_label": "cms"}, "model": "contenttypes.contenttype", "pk": 1}, {"fields": {"model": "page", "name": "page", "app_label": "cms"}, "model": "contenttypes.contenttype", "pk": 2}, {"fields": {"model": "permission", "name": "permission", "app_label": "auth"}, "model": "contenttypes.contenttype", "pk": 3}, {"fields": {"model": "group", "name": "group", "app_label": "auth"}, "model": "contenttypes.contenttype", "pk": 4}, {"fields": {"model": "user", "name": "user", "app_label": "auth"}, "model": "contenttypes.contenttype", "pk": 5}, {"fields": {"model": "contenttype", "name": "content type", "app_label": "contenttypes"}, "model": "contenttypes.contenttype", "pk": 6}, {"fields": {"model": "session", "name": "session", "app_label": "sessions"}, "model": "contenttypes.contenttype", "pk": 7}, {"fields": {"model": "logentry", "name": "log entry", "app_label": "admin"}, "model": "contenttypes.contenttype", "pk": 8}, {"fields": {"model": "site", "name": "site", "app_label": "sites"}, "model": "contenttypes.contenttype", "pk": 9}, {"fields": {"model": "usersettings", "name": "user setting", "app_label": "cms"}, "model": "contenttypes.contenttype", "pk": 10}, {"fields": {"model": "cmsplugin", "name": "cms plugin", "app_label": "cms"}, "model": "contenttypes.contenttype", "pk": 11}, {"fields": {"model": "globalpagepermission", "name": "Page global permission", "app_label": "cms"}, "model": "contenttypes.contenttype", "pk": 12}, {"fields": {"model": "pagepermission", "name": "Page permission", "app_label": "cms"}, "model": "contenttypes.contenttype", "pk": 13}, {"fields": {"model": "pageuser", "name": "User (page)", "app_label": "cms"}, "model": "contenttypes.contenttype", "pk": 14}, {"fields": {"model": "pageusergroup", "name": "User group (page)", "app_label": "cms"}, "model": "contenttypes.contenttype", "pk": 15}, {"fields": {"model": "title", "name": "title", "app_label": "cms"}, "model": "contenttypes.contenttype", "pk": 16}, {"fields": {"model": "placeholderreference", "name": "placeholder reference", "app_label": "cms"}, "model": "contenttypes.contenttype", "pk": 17}, {"fields": {"model": "staticplaceholder", "name": "static placeholder", "app_label": "cms"}, "model": "contenttypes.contenttype", "pk": 18}, {"fields": {"model": "aliaspluginmodel", "name": "alias plugin model", "app_label": "cms"}, "model": "contenttypes.contenttype", "pk": 19}, {"fields": {"model": "urlconfrevision", "name": "urlconf revision", "app_label": "cms"}, "model": "contenttypes.contenttype", "pk": 20}, {"fields": {"model": "cachekey", "name": "cache key", "app_label": "menus"}, "model": "contenttypes.contenttype", "pk": 21}, {"fields": {"model": "text", "name": "text", "app_label": "djangocms_text_ckeditor"}, "model": "contenttypes.contenttype", "pk": 22}, {"fields": {"model": "style", "name": "style", "app_label": "djangocms_style"}, "model": "contenttypes.contenttype", "pk": 23}, {"fields": {"model": "multicolumns", "name": "multi columns", "app_label": "djangocms_column"}, "model": "contenttypes.contenttype", "pk": 24}, {"fields": {"model": "column", "name": "column", "app_label": "djangocms_column"}, "model": "contenttypes.contenttype", "pk": 25}, {"fields": {"model": "file", "name": "file", "app_label": "djangocms_file"}, "model": "contenttypes.contenttype", "pk": 26}, {"fields": {"model": "flash", "name": "flash", "app_label": "djangocms_flash"}, "model": "contenttypes.contenttype", "pk": 27}, {"fields": {"model": "googlemap", "name": "google map", "app_label": "djangocms_googlemap"}, "model": "contenttypes.contenttype", "pk": 28}, {"fields": {"model": "inheritpageplaceholder", "name": "inherit page placeholder", "app_label": "djangocms_inherit"}, "model": "contenttypes.contenttype", "pk": 29}, {"fields": {"model": "link", "name": "link", "app_label": "djangocms_link"}, "model": "contenttypes.contenttype", "pk": 30}, {"fields": {"model": "picture", "name": "picture", "app_label": "djangocms_picture"}, "model": "contenttypes.contenttype", "pk": 31}, {"fields": {"model": "teaser", "name": "teaser", "app_label": "djangocms_teaser"}, "model": "contenttypes.contenttype", "pk": 32}, {"fields": {"model": "video", "name": "video", "app_label": "djangocms_video"}, "model": "contenttypes.contenttype", "pk": 33}, {"fields": {"model": "revision", "name": "revision", "app_label": "reversion"}, "model": "contenttypes.contenttype", "pk": 34}, {"fields": {"model": "version", "name": "version", "app_label": "reversion"}, "model": "contenttypes.contenttype", "pk": 35}, {"fields": {"model": "folder", "name": "Folder", "app_label": "filer"}, "model": "contenttypes.contenttype", "pk": 36}, {"fields": {"model": "folderpermission", "name": "folder permission", "app_label": "filer"}, "model": "contenttypes.contenttype", "pk": 37}, {"fields": {"model": "file", "name": "file", "app_label": "filer"}, "model": "contenttypes.contenttype", "pk": 38}, {"fields": {"model": "clipboard", "name": "clipboard", "app_label": "filer"}, "model": "contenttypes.contenttype", "pk": 39}, {"fields": {"model": "clipboarditem", "name": "clipboard item", "app_label": "filer"}, "model": "contenttypes.contenttype", "pk": 40}, {"fields": {"model": "image", "name": "image", "app_label": "filer"}, "model": "contenttypes.contenttype", "pk": 41}, {"fields": {"model": "source", "name": "source", "app_label": "easy_thumbnails"}, "model": "contenttypes.contenttype", "pk": 42}, {"fields": {"model": "thumbnail", "name": "thumbnail", "app_label": "easy_thumbnails"}, "model": "contenttypes.contenttype", "pk": 43}, {"fields": {"model": "thumbnaildimensions", "name": "thumbnail dimensions", "app_label": "easy_thumbnails"}, "model": "contenttypes.contenttype", "pk": 44}, {"fields": {"model": "tag", "name": "Tag", "app_label": "taggit"}, "model": "contenttypes.contenttype", "pk": 45}, {"fields": {"model": "taggeditem", "name": "Tagged Item", "app_label": "taggit"}, "model": "contenttypes.contenttype", "pk": 46}, {"fields": {"model": "categorytranslation", "name": "category Translation", "app_label": "aldryn_categories"}, "model": "contenttypes.contenttype", "pk": 47}, {"fields": {"model": "category", "name": "category", "app_label": "aldryn_categories"}, "model": "contenttypes.contenttype", "pk": 48}, {"fields": {"model": "newsblogconfigtranslation", "name": "news blog config Translation", "app_label": "aldryn_newsblog"}, "model": "contenttypes.contenttype", "pk": 49}, {"fields": {"model": "newsblogconfig", "name": "news blog config", "app_label": "aldryn_newsblog"}, "model": "contenttypes.contenttype", "pk": 50}, {"fields": {"model": "articletranslation", "name": "article Translation", "app_label": "aldryn_newsblog"}, "model": "contenttypes.contenttype", "pk": 51}, {"fields": {"model": "article", "name": "article", "app_label": "aldryn_newsblog"}, "model": "contenttypes.contenttype", "pk": 52}, {"fields": {"model": "newsblogarchiveplugin", "name": "news blog archive plugin", "app_label": "aldryn_newsblog"}, "model": "contenttypes.contenttype", "pk": 53}, {"fields": {"model": "newsblogarticlesearchplugin", "name": "news blog article search plugin", "app_label": "aldryn_newsblog"}, "model": "contenttypes.contenttype", "pk": 54}, {"fields": {"model": "newsblogauthorsplugin", "name": "news blog authors plugin", "app_label": "aldryn_newsblog"}, "model": "contenttypes.contenttype", "pk": 55}, {"fields": {"model": "newsblogcategoriesplugin", "name": "news blog categories plugin", "app_label": "aldryn_newsblog"}, "model": "contenttypes.contenttype", "pk": 56}, {"fields": {"model": "newsblogfeaturedarticlesplugin", "name": "news blog featured articles plugin", "app_label": "aldryn_newsblog"}, "model": "contenttypes.contenttype", "pk": 57}, {"fields": {"model": "newsbloglatestarticlesplugin", "name": "news blog latest articles plugin", "app_label": "aldryn_newsblog"}, "model": "contenttypes.contenttype", "pk": 58}, {"fields": {"model": "newsblogrelatedplugin", "name": "news blog related plugin", "app_label": "aldryn_newsblog"}, "model": "contenttypes.contenttype", "pk": 59}, {"fields": {"model": "newsblogtagsplugin", "name": "news blog tags plugin", "app_label": "aldryn_newsblog"}, "model": "contenttypes.contenttype", "pk": 60}, {"fields": {"model": "faqconfigtranslation", "name": "config Translation", "app_label": "aldryn_faq"}, "model": "contenttypes.contenttype", "pk": 61}, {"fields": {"model": "faqconfig", "name": "config", "app_label": "aldryn_faq"}, "model": "contenttypes.contenttype", "pk": 62}, {"fields": {"model": "categorytranslation", "name": "category Translation", "app_label": "aldryn_faq"}, "model": "contenttypes.contenttype", "pk": 63}, {"fields": {"model": "category", "name": "category", "app_label": "aldryn_faq"}, "model": "contenttypes.contenttype", "pk": 64}, {"fields": {"model": "questiontranslation", "name": "question Translation", "app_label": "aldryn_faq"}, "model": "contenttypes.contenttype", "pk": 65}, {"fields": {"model": "question", "name": "question", "app_label": "aldryn_faq"}, "model": "contenttypes.contenttype", "pk": 66}, {"fields": {"model": "questionlistplugin", "name": "question list plugin", "app_label": "aldryn_faq"}, "model": "contenttypes.contenttype", "pk": 67}, {"fields": {"model": "categorylistplugin", "name": "category list plugin", "app_label": "aldryn_faq"}, "model": "contenttypes.contenttype", "pk": 68}, {"fields": {"model": "latestquestionsplugin", "name": "latest questions plugin", "app_label": "aldryn_faq"}, "model": "contenttypes.contenttype", "pk": 69}, {"fields": {"model": "selectedcategory", "name": "Category", "app_label": "aldryn_faq"}, "model": "contenttypes.contenttype", "pk": 70}, {"fields": {"model": "topquestionsplugin", "name": "top questions plugin", "app_label": "aldryn_faq"}, "model": "contenttypes.contenttype", "pk": 71}, {"fields": {"model": "mostreadquestionsplugin", "name": "most read questions plugin", "app_label": "aldryn_faq"}, "model": "contenttypes.contenttype", "pk": 72}, {"fields": {"model": "jobsconfig", "name": "Aldryn Jobs configuration", "app_label": "aldryn_jobs"}, "model": "contenttypes.contenttype", "pk": 73}, {"fields": {"model": "jobcategorytranslation", "name": "job category Translation", "app_label": "aldryn_jobs"}, "model": "contenttypes.contenttype", "pk": 74}, {"fields": {"model": "jobcategory", "name": "job category", "app_label": "aldryn_jobs"}, "model": "contenttypes.contenttype", "pk": 75}, {"fields": {"model": "jobopeningtranslation", "name": "job opening Translation", "app_label": "aldryn_jobs"}, "model": "contenttypes.contenttype", "pk": 76}, {"fields": {"model": "jobopening", "name": "job opening", "app_label": "aldryn_jobs"}, "model": "contenttypes.contenttype", "pk": 77}, {"fields": {"model": "jobapplication", "name": "job application", "app_label": "aldryn_jobs"}, "model": "contenttypes.contenttype", "pk": 78}, {"fields": {"model": "jobapplicationattachment", "name": "job application attachment", "app_label": "aldryn_jobs"}, "model": "contenttypes.contenttype", "pk": 79}, {"fields": {"model": "joblistplugin", "name": "job list plugin", "app_label": "aldryn_jobs"}, "model": "contenttypes.contenttype", "pk": 80}, {"fields": {"model": "jobcategoriesplugin", "name": "job categories plugin", "app_label": "aldryn_jobs"}, "model": "contenttypes.contenttype", "pk": 81}, {"fields": {"model": "grouptranslation", "name": "Group Translation", "app_label": "aldryn_people"}, "model": "contenttypes.contenttype", "pk": 82}, {"fields": {"model": "group", "name": "Group", "app_label": "aldryn_people"}, "model": "contenttypes.contenttype", "pk": 83}, {"fields": {"model": "persontranslation", "name": "Person Translation", "app_label": "aldryn_people"}, "model": "contenttypes.contenttype", "pk": 84}, {"fields": {"model": "person", "name": "Person", "app_label": "aldryn_people"}, "model": "contenttypes.contenttype", "pk": 85}, {"fields": {"model": "peopleplugin", "name": "people plugin", "app_label": "aldryn_people"}, "model": "contenttypes.contenttype", "pk": 86}, {"fields": {"domain": "example.com", "name": "example.com"}, "model": "sites.site", "pk": 1}, {"fields": {"slot": "clipboard", "default_width": null}, "model": "cms.placeholder", "pk": 1}, {"fields": {"slot": "content", "default_width": null}, "model": "cms.placeholder", "pk": 2}, {"fields": {"slot": "content", "default_width": null}, "model": "cms.placeholder", "pk": 3}, {"fields": {"changed_date": "2015-10-12T12:58:14.874Z", "language": "en", "parent": null, "numchild": 2, "creation_date": "2015-10-12T12:57:33.000Z", "depth": 1, "position": 1, "path": "0001", "placeholder": 2, "plugin_type": "MultiColumnPlugin"}, "model": "cms.cmsplugin", "pk": 1}, {"fields": {"changed_date": "2015-10-12T12:57:39.770Z", "language": "en", "parent": 1, "numchild": 1, "creation_date": "2015-10-12T12:57:39.769Z", "depth": 2, "position": 0, "path": "00010001", "placeholder": 2, "plugin_type": "ColumnPlugin"}, "model": "cms.cmsplugin", "pk": 2}, {"fields": {"changed_date": "2015-10-12T12:57:39.776Z", "language": "en", "parent": 1, "numchild": 1, "creation_date": "2015-10-12T12:57:39.774Z", "depth": 2, "position": 1, "path": "00010002", "placeholder": 2, "plugin_type": "ColumnPlugin"}, "model": "cms.cmsplugin", "pk": 3}, {"fields": {"changed_date": "2015-10-12T12:57:51.376Z", "language": "en", "parent": 2, "numchild": 0, "creation_date": "2015-10-12T12:57:46.312Z", "depth": 3, "position": 0, "path": "000100010001", "placeholder": 2, "plugin_type": "TextPlugin"}, "model": "cms.cmsplugin", "pk": 4}, {"fields": {"changed_date": "2015-10-12T12:57:59.399Z", "language": "en", "parent": 3, "numchild": 0, "creation_date": "2015-10-12T12:57:55.170Z", "depth": 3, "position": 0, "path": "000100020001", "placeholder": 2, "plugin_type": "TextPlugin"}, "model": "cms.cmsplugin", "pk": 5}, {"fields": {"changed_date": "2015-10-12T12:58:14.884Z", "language": "en", "parent": null, "numchild": 0, "creation_date": "2015-10-12T12:58:07.697Z", "depth": 1, "position": 0, "path": "0002", "placeholder": 2, "plugin_type": "TextPlugin"}, "model": "cms.cmsplugin", "pk": 6}, {"fields": {"changed_date": "2015-10-12T12:58:16.575Z", "language": "en", "parent": null, "numchild": 2, "creation_date": "2015-10-12T12:57:33.000Z", "depth": 1, "position": 1, "path": "0003", "placeholder": 3, "plugin_type": "MultiColumnPlugin"}, "model": "cms.cmsplugin", "pk": 7}, {"fields": {"changed_date": "2015-10-12T12:58:16.581Z", "language": "en", "parent": 7, "numchild": 1, "creation_date": "2015-10-12T12:57:39.769Z", "depth": 2, "position": 0, "path": "00030001", "placeholder": 3, "plugin_type": "ColumnPlugin"}, "model": "cms.cmsplugin", "pk": 8}, {"fields": {"changed_date": "2015-10-12T12:58:16.615Z", "language": "en", "parent": 8, "numchild": 0, "creation_date": "2015-10-12T12:57:46.312Z", "depth": 3, "position": 0, "path": "000300010001", "placeholder": 3, "plugin_type": "TextPlugin"}, "model": "cms.cmsplugin", "pk": 9}, {"fields": {"changed_date": "2015-10-12T12:58:16.594Z", "language": "en", "parent": 7, "numchild": 1, "creation_date": "2015-10-12T12:57:39.774Z", "depth": 2, "position": 1, "path": "00030002", "placeholder": 3, "plugin_type": "ColumnPlugin"}, "model": "cms.cmsplugin", "pk": 10}, {"fields": {"changed_date": "2015-10-12T12:58:16.620Z", "language": "en", "parent": 10, "numchild": 0, "creation_date": "2015-10-12T12:57:55.170Z", "depth": 3, "position": 0, "path": "000300020001", "placeholder": 3, "plugin_type": "TextPlugin"}, "model": "cms.cmsplugin", "pk": 11}, {"fields": {"changed_date": "2015-10-12T12:58:16.624Z", "language": "en", "parent": null, "numchild": 0, "creation_date": "2015-10-12T12:58:07.697Z", "depth": 1, "position": 0, "path": "0004", "placeholder": 3, "plugin_type": "TextPlugin"}, "model": "cms.cmsplugin", "pk": 12}, {"fields": {"navigation_extenders": null, "site": 1, "application_namespace": null, "path": "0001", "in_navigation": true, "reverse_id": null, "login_required": false, "created_by": "script", "languages": "en", "publication_end_date": null, "template": "INHERIT", "placeholders": [2], "changed_date": "2015-10-12T12:58:16.687Z", "limit_visibility_in_menu": null, "parent": null, "numchild": 0, "soft_root": false, "is_home": true, "publication_date": "2015-10-12T12:58:16.522Z", "creation_date": "2015-10-12T12:57:25.002Z", "publisher_public": 2, "application_urls": null, "changed_by": "user", "publisher_is_draft": true, "xframe_options": 0, "depth": 1, "revision_id": 0}, "model": "cms.page", "pk": 1}, {"fields": {"navigation_extenders": null, "site": 1, "application_namespace": null, "path": "0002", "in_navigation": true, "reverse_id": null, "login_required": false, "created_by": "user", "languages": "en", "publication_end_date": null, "template": "INHERIT", "placeholders": [3], "changed_date": "2015-10-12T12:58:16.635Z", "limit_visibility_in_menu": null, "parent": null, "numchild": 0, "soft_root": false, "is_home": true, "publication_date": "2015-10-12T12:58:16.522Z", "creation_date": "2015-10-12T12:58:16.526Z", "publisher_public": 1, "application_urls": null, "changed_by": "user", "publisher_is_draft": false, "xframe_options": 0, "depth": 1, "revision_id": 0}, "model": "cms.page", "pk": 2}, {"fields": {"menu_title": null, "meta_description": null, "page_title": null, "language": "en", "title": "Home", "has_url_overwrite": false, "redirect": null, "publisher_is_draft": true, "page": 1, "published": true, "path": "", "publisher_state": 0, "creation_date": "2015-10-12T12:57:25.026Z", "slug": "home", "publisher_public": 2}, "model": "cms.title", "pk": 1}, {"fields": {"menu_title": null, "meta_description": null, "page_title": null, "language": "en", "title": "Home", "has_url_overwrite": false, "redirect": null, "publisher_is_draft": false, "page": 2, "published": true, "path": "", "publisher_state": 0, "creation_date": "2015-10-12T12:57:25.026Z", "slug": "home", "publisher_public": 1}, "model": "cms.title", "pk": 2}, {"fields": {"key": "menu_cache_menu_nodes_en_1_1_user", "site": 1, "language": "en"}, "model": "menus.cachekey", "pk": 6}, {"fields": {"key": "menu_cache_menu_nodes_en_1", "site": 1, "language": "en"}, "model": "menus.cachekey", "pk": 7}, {"fields": {}, "model": "djangocms_column.multicolumns", "pk": 1}, {"fields": {}, "model": "djangocms_column.multicolumns", "pk": 7}, {"fields": {"width": "50%"}, "model": "djangocms_column.column", "pk": 2}, {"fields": {"width": "50%"}, "model": "djangocms_column.column", "pk": 3}, {"fields": {"width": "50%"}, "model": "djangocms_column.column", "pk": 8}, {"fields": {"width": "50%"}, "model": "djangocms_column.column", "pk": 10}, {"fields": {"format": "json", "object_repr": "Home", "object_id": "1", "content_type": 2, "object_id_int": 1, "serialized_data": "[{\"fields\": {\"navigation_extenders\": null, \"site\": 1, \"application_namespace\": null, \"path\": \"0001\", \"in_navigation\": true, \"reverse_id\": null, \"login_required\": false, \"created_by\": \"script\", \"languages\": \"en\", \"publication_end_date\": null, \"template\": \"INHERIT\", \"placeholders\": [2], \"changed_date\": \"2015-10-12T12:57:25.038Z\", \"limit_visibility_in_menu\": null, \"parent\": null, \"numchild\": 0, \"soft_root\": false, \"is_home\": true, \"publication_date\": null, \"creation_date\": \"2015-10-12T12:57:25.002Z\", \"application_urls\": null, \"changed_by\": \"script\", \"xframe_options\": 0, \"depth\": 1, \"revision_id\": 0}, \"model\": \"cms.page\", \"pk\": 1}]", "revision": 1}, "model": "reversion.version", "pk": 1}, {"fields": {"format": "json", "object_repr": "content", "object_id": "2", "content_type": 1, "object_id_int": 2, "serialized_data": "[{\"fields\": {\"slot\": \"content\", \"default_width\": null}, \"model\": \"cms.placeholder\", \"pk\": 2}]", "revision": 1}, "model": "reversion.version", "pk": 2}, {"fields": {"format": "json", "object_repr": "Home (home, en)", "object_id": "1", "content_type": 16, "object_id_int": 1, "serialized_data": "[{\"fields\": {\"menu_title\": null, \"meta_description\": null, \"page_title\": null, \"language\": \"en\", \"title\": \"Home\", \"has_url_overwrite\": false, \"redirect\": null, \"page\": 1, \"published\": false, \"path\": \"\", \"creation_date\": \"2015-10-12T12:57:25.026Z\", \"slug\": \"home\"}, \"model\": \"cms.title\", \"pk\": 1}]", "revision": 1}, "model": "reversion.version", "pk": 3}, {"fields": {"format": "json", "object_repr": "1", "object_id": "1", "content_type": 11, "object_id_int": 1, "serialized_data": "[{\"fields\": {\"changed_date\": \"2015-10-12T12:57:33.005Z\", \"language\": \"en\", \"parent\": null, \"numchild\": 0, \"creation_date\": \"2015-10-12T12:57:33.000Z\", \"depth\": 1, \"position\": 0, \"path\": \"0001\", \"placeholder\": 2, \"plugin_type\": \"MultiColumnPlugin\"}, \"model\": \"cms.cmsplugin\", \"pk\": 1}]", "revision": 1}, "model": "reversion.version", "pk": 4}, {"fields": {"format": "json", "object_repr": "Home", "object_id": "1", "content_type": 2, "object_id_int": 1, "serialized_data": "[{\"fields\": {\"navigation_extenders\": null, \"site\": 1, \"application_namespace\": null, \"path\": \"0001\", \"in_navigation\": true, \"reverse_id\": null, \"login_required\": false, \"created_by\": \"script\", \"languages\": \"en\", \"publication_end_date\": null, \"template\": \"INHERIT\", \"placeholders\": [2], \"changed_date\": \"2015-10-12T12:57:33.101Z\", \"limit_visibility_in_menu\": null, \"parent\": null, \"numchild\": 0, \"soft_root\": false, \"is_home\": true, \"publication_date\": null, \"creation_date\": \"2015-10-12T12:57:25.002Z\", \"application_urls\": null, \"changed_by\": \"user\", \"xframe_options\": 0, \"depth\": 1, \"revision_id\": 0}, \"model\": \"cms.page\", \"pk\": 1}]", "revision": 2}, "model": "reversion.version", "pk": 5}, {"fields": {"format": "json", "object_repr": "content", "object_id": "2", "content_type": 1, "object_id_int": 2, "serialized_data": "[{\"fields\": {\"slot\": \"content\", \"default_width\": null}, \"model\": \"cms.placeholder\", \"pk\": 2}]", "revision": 2}, "model": "reversion.version", "pk": 6}, {"fields": {"format": "json", "object_repr": "50%", "object_id": "3", "content_type": 25, "object_id_int": 3, "serialized_data": "[{\"fields\": {\"width\": \"50%\"}, \"model\": \"djangocms_column.column\", \"pk\": 3}]", "revision": 2}, "model": "reversion.version", "pk": 7}, {"fields": {"format": "json", "object_repr": "2 columns", "object_id": "1", "content_type": 24, "object_id_int": 1, "serialized_data": "[{\"fields\": {}, \"model\": \"djangocms_column.multicolumns\", \"pk\": 1}]", "revision": 2}, "model": "reversion.version", "pk": 8}, {"fields": {"format": "json", "object_repr": "1", "object_id": "1", "content_type": 11, "object_id_int": 1, "serialized_data": "[{\"fields\": {\"changed_date\": \"2015-10-12T12:57:39.767Z\", \"language\": \"en\", \"parent\": null, \"numchild\": 2, \"creation_date\": \"2015-10-12T12:57:33.000Z\", \"depth\": 1, \"position\": 0, \"path\": \"0001\", \"placeholder\": 2, \"plugin_type\": \"MultiColumnPlugin\"}, \"model\": \"cms.cmsplugin\", \"pk\": 1}]", "revision": 2}, "model": "reversion.version", "pk": 9}, {"fields": {"format": "json", "object_repr": "2", "object_id": "2", "content_type": 11, "object_id_int": 2, "serialized_data": "[{\"fields\": {\"changed_date\": \"2015-10-12T12:57:39.770Z\", \"language\": \"en\", \"parent\": 1, \"numchild\": 0, \"creation_date\": \"2015-10-12T12:57:39.769Z\", \"depth\": 2, \"position\": 0, \"path\": \"00010001\", \"placeholder\": 2, \"plugin_type\": \"ColumnPlugin\"}, \"model\": \"cms.cmsplugin\", \"pk\": 2}]", "revision": 2}, "model": "reversion.version", "pk": 10}, {"fields": {"format": "json", "object_repr": "50%", "object_id": "2", "content_type": 25, "object_id_int": 2, "serialized_data": "[{\"fields\": {\"width\": \"50%\"}, \"model\": \"djangocms_column.column\", \"pk\": 2}]", "revision": 2}, "model": "reversion.version", "pk": 11}, {"fields": {"format": "json", "object_repr": "3", "object_id": "3", "content_type": 11, "object_id_int": 3, "serialized_data": "[{\"fields\": {\"changed_date\": \"2015-10-12T12:57:39.776Z\", \"language\": \"en\", \"parent\": 1, \"numchild\": 0, \"creation_date\": \"2015-10-12T12:57:39.774Z\", \"depth\": 2, \"position\": 1, \"path\": \"00010002\", \"placeholder\": 2, \"plugin_type\": \"ColumnPlugin\"}, \"model\": \"cms.cmsplugin\", \"pk\": 3}]", "revision": 2}, "model": "reversion.version", "pk": 12}, {"fields": {"format": "json", "object_repr": "Home (home, en)", "object_id": "1", "content_type": 16, "object_id_int": 1, "serialized_data": "[{\"fields\": {\"menu_title\": null, \"meta_description\": null, \"page_title\": null, \"language\": \"en\", \"title\": \"Home\", \"has_url_overwrite\": false, \"redirect\": null, \"page\": 1, \"published\": false, \"path\": \"\", \"creation_date\": \"2015-10-12T12:57:25.026Z\", \"slug\": \"home\"}, \"model\": \"cms.title\", \"pk\": 1}]", "revision": 2}, "model": "reversion.version", "pk": 13}, {"fields": {"format": "json", "object_repr": "Home", "object_id": "1", "content_type": 2, "object_id_int": 1, "serialized_data": "[{\"fields\": {\"navigation_extenders\": null, \"site\": 1, \"application_namespace\": null, \"path\": \"0001\", \"in_navigation\": true, \"reverse_id\": null, \"login_required\": false, \"created_by\": \"script\", \"languages\": \"en\", \"publication_end_date\": null, \"template\": \"INHERIT\", \"placeholders\": [2], \"changed_date\": \"2015-10-12T12:57:39.832Z\", \"limit_visibility_in_menu\": null, \"parent\": null, \"numchild\": 0, \"soft_root\": false, \"is_home\": true, \"publication_date\": null, \"creation_date\": \"2015-10-12T12:57:25.002Z\", \"application_urls\": null, \"changed_by\": \"user\", \"xframe_options\": 0, \"depth\": 1, \"revision_id\": 0}, \"model\": \"cms.page\", \"pk\": 1}]", "revision": 3}, "model": "reversion.version", "pk": 14}, {"fields": {"format": "json", "object_repr": "content", "object_id": "2", "content_type": 1, "object_id_int": 2, "serialized_data": "[{\"fields\": {\"slot\": \"content\", \"default_width\": null}, \"model\": \"cms.placeholder\", \"pk\": 2}]", "revision": 3}, "model": "reversion.version", "pk": 15}, {"fields": {"format": "json", "object_repr": "50%", "object_id": "3", "content_type": 25, "object_id_int": 3, "serialized_data": "[{\"fields\": {\"width\": \"50%\"}, \"model\": \"djangocms_column.column\", \"pk\": 3}]", "revision": 3}, "model": "reversion.version", "pk": 16}, {"fields": {"format": "json", "object_repr": "2 columns", "object_id": "1", "content_type": 24, "object_id_int": 1, "serialized_data": "[{\"fields\": {}, \"model\": \"djangocms_column.multicolumns\", \"pk\": 1}]", "revision": 3}, "model": "reversion.version", "pk": 17}, {"fields": {"format": "json", "object_repr": "1", "object_id": "1", "content_type": 11, "object_id_int": 1, "serialized_data": "[{\"fields\": {\"changed_date\": \"2015-10-12T12:57:39.767Z\", \"language\": \"en\", \"parent\": null, \"numchild\": 2, \"creation_date\": \"2015-10-12T12:57:33.000Z\", \"depth\": 1, \"position\": 0, \"path\": \"0001\", \"placeholder\": 2, \"plugin_type\": \"MultiColumnPlugin\"}, \"model\": \"cms.cmsplugin\", \"pk\": 1}]", "revision": 3}, "model": "reversion.version", "pk": 18}, {"fields": {"format": "json", "object_repr": "2", "object_id": "2", "content_type": 11, "object_id_int": 2, "serialized_data": "[{\"fields\": {\"changed_date\": \"2015-10-12T12:57:39.770Z\", \"language\": \"en\", \"parent\": 1, \"numchild\": 1, \"creation_date\": \"2015-10-12T12:57:39.769Z\", \"depth\": 2, \"position\": 0, \"path\": \"00010001\", \"placeholder\": 2, \"plugin_type\": \"ColumnPlugin\"}, \"model\": \"cms.cmsplugin\", \"pk\": 2}]", "revision": 3}, "model": "reversion.version", "pk": 19}, {"fields": {"format": "json", "object_repr": "50%", "object_id": "2", "content_type": 25, "object_id_int": 2, "serialized_data": "[{\"fields\": {\"width\": \"50%\"}, \"model\": \"djangocms_column.column\", \"pk\": 2}]", "revision": 3}, "model": "reversion.version", "pk": 20}, {"fields": {"format": "json", "object_repr": "3", "object_id": "3", "content_type": 11, "object_id_int": 3, "serialized_data": "[{\"fields\": {\"changed_date\": \"2015-10-12T12:57:39.776Z\", \"language\": \"en\", \"parent\": 1, \"numchild\": 0, \"creation_date\": \"2015-10-12T12:57:39.774Z\", \"depth\": 2, \"position\": 1, \"path\": \"00010002\", \"placeholder\": 2, \"plugin_type\": \"ColumnPlugin\"}, \"model\": \"cms.cmsplugin\", \"pk\": 3}]", "revision": 3}, "model": "reversion.version", "pk": 21}, {"fields": {"format": "json", "object_repr": "Home (home, en)", "object_id": "1", "content_type": 16, "object_id_int": 1, "serialized_data": "[{\"fields\": {\"menu_title\": null, \"meta_description\": null, \"page_title\": null, \"language\": \"en\", \"title\": \"Home\", \"has_url_overwrite\": false, \"redirect\": null, \"page\": 1, \"published\": false, \"path\": \"\", \"creation_date\": \"2015-10-12T12:57:25.026Z\", \"slug\": \"home\"}, \"model\": \"cms.title\", \"pk\": 1}]", "revision": 3}, "model": "reversion.version", "pk": 22}, {"fields": {"format": "json", "object_repr": "4", "object_id": "4", "content_type": 11, "object_id_int": 4, "serialized_data": "[{\"fields\": {\"changed_date\": \"2015-10-12T12:57:46.318Z\", \"language\": \"en\", \"parent\": 2, \"numchild\": 0, \"creation_date\": \"2015-10-12T12:57:46.312Z\", \"depth\": 3, \"position\": 0, \"path\": \"000100010001\", \"placeholder\": 2, \"plugin_type\": \"TextPlugin\"}, \"model\": \"cms.cmsplugin\", \"pk\": 4}]", "revision": 3}, "model": "reversion.version", "pk": 23}, {"fields": {"format": "json", "object_repr": "Home", "object_id": "1", "content_type": 2, "object_id_int": 1, "serialized_data": "[{\"fields\": {\"navigation_extenders\": null, \"site\": 1, \"application_namespace\": null, \"path\": \"0001\", \"in_navigation\": true, \"reverse_id\": null, \"login_required\": false, \"created_by\": \"script\", \"languages\": \"en\", \"publication_end_date\": null, \"template\": \"INHERIT\", \"placeholders\": [2], \"changed_date\": \"2015-10-12T12:57:46.360Z\", \"limit_visibility_in_menu\": null, \"parent\": null, \"numchild\": 0, \"soft_root\": false, \"is_home\": true, \"publication_date\": null, \"creation_date\": \"2015-10-12T12:57:25.002Z\", \"application_urls\": null, \"changed_by\": \"user\", \"xframe_options\": 0, \"depth\": 1, \"revision_id\": 0}, \"model\": \"cms.page\", \"pk\": 1}]", "revision": 4}, "model": "reversion.version", "pk": 24}, {"fields": {"format": "json", "object_repr": "content", "object_id": "2", "content_type": 1, "object_id_int": 2, "serialized_data": "[{\"fields\": {\"slot\": \"content\", \"default_width\": null}, \"model\": \"cms.placeholder\", \"pk\": 2}]", "revision": 4}, "model": "reversion.version", "pk": 25}, {"fields": {"format": "json", "object_repr": "50%", "object_id": "3", "content_type": 25, "object_id_int": 3, "serialized_data": "[{\"fields\": {\"width\": \"50%\"}, \"model\": \"djangocms_column.column\", \"pk\": 3}]", "revision": 4}, "model": "reversion.version", "pk": 26}, {"fields": {"format": "json", "object_repr": "2 columns", "object_id": "1", "content_type": 24, "object_id_int": 1, "serialized_data": "[{\"fields\": {}, \"model\": \"djangocms_column.multicolumns\", \"pk\": 1}]", "revision": 4}, "model": "reversion.version", "pk": 27}, {"fields": {"format": "json", "object_repr": "1", "object_id": "1", "content_type": 11, "object_id_int": 1, "serialized_data": "[{\"fields\": {\"changed_date\": \"2015-10-12T12:57:39.767Z\", \"language\": \"en\", \"parent\": null, \"numchild\": 2, \"creation_date\": \"2015-10-12T12:57:33.000Z\", \"depth\": 1, \"position\": 0, \"path\": \"0001\", \"placeholder\": 2, \"plugin_type\": \"MultiColumnPlugin\"}, \"model\": \"cms.cmsplugin\", \"pk\": 1}]", "revision": 4}, "model": "reversion.version", "pk": 28}, {"fields": {"format": "json", "object_repr": "2", "object_id": "2", "content_type": 11, "object_id_int": 2, "serialized_data": "[{\"fields\": {\"changed_date\": \"2015-10-12T12:57:39.770Z\", \"language\": \"en\", \"parent\": 1, \"numchild\": 1, \"creation_date\": \"2015-10-12T12:57:39.769Z\", \"depth\": 2, \"position\": 0, \"path\": \"00010001\", \"placeholder\": 2, \"plugin_type\": \"ColumnPlugin\"}, \"model\": \"cms.cmsplugin\", \"pk\": 2}]", "revision": 4}, "model": "reversion.version", "pk": 29}, {"fields": {"format": "json", "object_repr": "50%", "object_id": "2", "content_type": 25, "object_id_int": 2, "serialized_data": "[{\"fields\": {\"width\": \"50%\"}, \"model\": \"djangocms_column.column\", \"pk\": 2}]", "revision": 4}, "model": "reversion.version", "pk": 30}, {"fields": {"format": "json", "object_repr": "3", "object_id": "3", "content_type": 11, "object_id_int": 3, "serialized_data": "[{\"fields\": {\"changed_date\": \"2015-10-12T12:57:39.776Z\", \"language\": \"en\", \"parent\": 1, \"numchild\": 0, \"creation_date\": \"2015-10-12T12:57:39.774Z\", \"depth\": 2, \"position\": 1, \"path\": \"00010002\", \"placeholder\": 2, \"plugin_type\": \"ColumnPlugin\"}, \"model\": \"cms.cmsplugin\", \"pk\": 3}]", "revision": 4}, "model": "reversion.version", "pk": 31}, {"fields": {"format": "json", "object_repr": "Home (home, en)", "object_id": "1", "content_type": 16, "object_id_int": 1, "serialized_data": "[{\"fields\": {\"menu_title\": null, \"meta_description\": null, \"page_title\": null, \"language\": \"en\", \"title\": \"Home\", \"has_url_overwrite\": false, \"redirect\": null, \"page\": 1, \"published\": false, \"path\": \"\", \"creation_date\": \"2015-10-12T12:57:25.026Z\", \"slug\": \"home\"}, \"model\": \"cms.title\", \"pk\": 1}]", "revision": 4}, "model": "reversion.version", "pk": 32}, {"fields": {"format": "json", "object_repr": "Column 1", "object_id": "4", "content_type": 22, "object_id_int": 4, "serialized_data": "[{\"fields\": {\"body\": \"<p>Column 1</p>\\n\"}, \"model\": \"djangocms_text_ckeditor.text\", \"pk\": 4}]", "revision": 4}, "model": "reversion.version", "pk": 33}, {"fields": {"format": "json", "object_repr": "4", "object_id": "4", "content_type": 11, "object_id_int": 4, "serialized_data": "[{\"fields\": {\"changed_date\": \"2015-10-12T12:57:51.376Z\", \"language\": \"en\", \"parent\": 2, \"numchild\": 0, \"creation_date\": \"2015-10-12T12:57:46.312Z\", \"depth\": 3, \"position\": 0, \"path\": \"000100010001\", \"placeholder\": 2, \"plugin_type\": \"TextPlugin\"}, \"model\": \"cms.cmsplugin\", \"pk\": 4}]", "revision": 4}, "model": "reversion.version", "pk": 34}, {"fields": {"format": "json", "object_repr": "Home", "object_id": "1", "content_type": 2, "object_id_int": 1, "serialized_data": "[{\"fields\": {\"navigation_extenders\": null, \"site\": 1, \"application_namespace\": null, \"path\": \"0001\", \"in_navigation\": true, \"reverse_id\": null, \"login_required\": false, \"created_by\": \"script\", \"languages\": \"en\", \"publication_end_date\": null, \"template\": \"INHERIT\", \"placeholders\": [2], \"changed_date\": \"2015-10-12T12:57:51.427Z\", \"limit_visibility_in_menu\": null, \"parent\": null, \"numchild\": 0, \"soft_root\": false, \"is_home\": true, \"publication_date\": null, \"creation_date\": \"2015-10-12T12:57:25.002Z\", \"application_urls\": null, \"changed_by\": \"user\", \"xframe_options\": 0, \"depth\": 1, \"revision_id\": 0}, \"model\": \"cms.page\", \"pk\": 1}]", "revision": 5}, "model": "reversion.version", "pk": 35}, {"fields": {"format": "json", "object_repr": "content", "object_id": "2", "content_type": 1, "object_id_int": 2, "serialized_data": "[{\"fields\": {\"slot\": \"content\", \"default_width\": null}, \"model\": \"cms.placeholder\", \"pk\": 2}]", "revision": 5}, "model": "reversion.version", "pk": 36}, {"fields": {"format": "json", "object_repr": "50%", "object_id": "3", "content_type": 25, "object_id_int": 3, "serialized_data": "[{\"fields\": {\"width\": \"50%\"}, \"model\": \"djangocms_column.column\", \"pk\": 3}]", "revision": 5}, "model": "reversion.version", "pk": 37}, {"fields": {"format": "json", "object_repr": "2 columns", "object_id": "1", "content_type": 24, "object_id_int": 1, "serialized_data": "[{\"fields\": {}, \"model\": \"djangocms_column.multicolumns\", \"pk\": 1}]", "revision": 5}, "model": "reversion.version", "pk": 38}, {"fields": {"format": "json", "object_repr": "5", "object_id": "5", "content_type": 11, "object_id_int": 5, "serialized_data": "[{\"fields\": {\"changed_date\": \"2015-10-12T12:57:55.175Z\", \"language\": \"en\", \"parent\": 3, \"numchild\": 0, \"creation_date\": \"2015-10-12T12:57:55.170Z\", \"depth\": 3, \"position\": 0, \"path\": \"000100020001\", \"placeholder\": 2, \"plugin_type\": \"TextPlugin\"}, \"model\": \"cms.cmsplugin\", \"pk\": 5}]", "revision": 5}, "model": "reversion.version", "pk": 39}, {"fields": {"format": "json", "object_repr": "1", "object_id": "1", "content_type": 11, "object_id_int": 1, "serialized_data": "[{\"fields\": {\"changed_date\": \"2015-10-12T12:57:39.767Z\", \"language\": \"en\", \"parent\": null, \"numchild\": 2, \"creation_date\": \"2015-10-12T12:57:33.000Z\", \"depth\": 1, \"position\": 0, \"path\": \"0001\", \"placeholder\": 2, \"plugin_type\": \"MultiColumnPlugin\"}, \"model\": \"cms.cmsplugin\", \"pk\": 1}]", "revision": 5}, "model": "reversion.version", "pk": 40}, {"fields": {"format": "json", "object_repr": "2", "object_id": "2", "content_type": 11, "object_id_int": 2, "serialized_data": "[{\"fields\": {\"changed_date\": \"2015-10-12T12:57:39.770Z\", \"language\": \"en\", \"parent\": 1, \"numchild\": 1, \"creation_date\": \"2015-10-12T12:57:39.769Z\", \"depth\": 2, \"position\": 0, \"path\": \"00010001\", \"placeholder\": 2, \"plugin_type\": \"ColumnPlugin\"}, \"model\": \"cms.cmsplugin\", \"pk\": 2}]", "revision": 5}, "model": "reversion.version", "pk": 41}, {"fields": {"format": "json", "object_repr": "50%", "object_id": "2", "content_type": 25, "object_id_int": 2, "serialized_data": "[{\"fields\": {\"width\": \"50%\"}, \"model\": \"djangocms_column.column\", \"pk\": 2}]", "revision": 5}, "model": "reversion.version", "pk": 42}, {"fields": {"format": "json", "object_repr": "3", "object_id": "3", "content_type": 11, "object_id_int": 3, "serialized_data": "[{\"fields\": {\"changed_date\": \"2015-10-12T12:57:39.776Z\", \"language\": \"en\", \"parent\": 1, \"numchild\": 1, \"creation_date\": \"2015-10-12T12:57:39.774Z\", \"depth\": 2, \"position\": 1, \"path\": \"00010002\", \"placeholder\": 2, \"plugin_type\": \"ColumnPlugin\"}, \"model\": \"cms.cmsplugin\", \"pk\": 3}]", "revision": 5}, "model": "reversion.version", "pk": 43}, {"fields": {"format": "json", "object_repr": "Home (home, en)", "object_id": "1", "content_type": 16, "object_id_int": 1, "serialized_data": "[{\"fields\": {\"menu_title\": null, \"meta_description\": null, \"page_title\": null, \"language\": \"en\", \"title\": \"Home\", \"has_url_overwrite\": false, \"redirect\": null, \"page\": 1, \"published\": false, \"path\": \"\", \"creation_date\": \"2015-10-12T12:57:25.026Z\", \"slug\": \"home\"}, \"model\": \"cms.title\", \"pk\": 1}]", "revision": 5}, "model": "reversion.version", "pk": 44}, {"fields": {"format": "json", "object_repr": "Column 1", "object_id": "4", "content_type": 22, "object_id_int": 4, "serialized_data": "[{\"fields\": {\"body\": \"<p>Column 1</p>\\n\"}, \"model\": \"djangocms_text_ckeditor.text\", \"pk\": 4}]", "revision": 5}, "model": "reversion.version", "pk": 45}, {"fields": {"format": "json", "object_repr": "4", "object_id": "4", "content_type": 11, "object_id_int": 4, "serialized_data": "[{\"fields\": {\"changed_date\": \"2015-10-12T12:57:51.376Z\", \"language\": \"en\", \"parent\": 2, \"numchild\": 0, \"creation_date\": \"2015-10-12T12:57:46.312Z\", \"depth\": 3, \"position\": 0, \"path\": \"000100010001\", \"placeholder\": 2, \"plugin_type\": \"TextPlugin\"}, \"model\": \"cms.cmsplugin\", \"pk\": 4}]", "revision": 5}, "model": "reversion.version", "pk": 46}, {"fields": {"format": "json", "object_repr": "Home", "object_id": "1", "content_type": 2, "object_id_int": 1, "serialized_data": "[{\"fields\": {\"navigation_extenders\": null, \"site\": 1, \"application_namespace\": null, \"path\": \"0001\", \"in_navigation\": true, \"reverse_id\": null, \"login_required\": false, \"created_by\": \"script\", \"languages\": \"en\", \"publication_end_date\": null, \"template\": \"INHERIT\", \"placeholders\": [2], \"changed_date\": \"2015-10-12T12:57:55.218Z\", \"limit_visibility_in_menu\": null, \"parent\": null, \"numchild\": 0, \"soft_root\": false, \"is_home\": true, \"publication_date\": null, \"creation_date\": \"2015-10-12T12:57:25.002Z\", \"application_urls\": null, \"changed_by\": \"user\", \"xframe_options\": 0, \"depth\": 1, \"revision_id\": 0}, \"model\": \"cms.page\", \"pk\": 1}]", "revision": 6}, "model": "reversion.version", "pk": 47}, {"fields": {"format": "json", "object_repr": "content", "object_id": "2", "content_type": 1, "object_id_int": 2, "serialized_data": "[{\"fields\": {\"slot\": \"content\", \"default_width\": null}, \"model\": \"cms.placeholder\", \"pk\": 2}]", "revision": 6}, "model": "reversion.version", "pk": 48}, {"fields": {"format": "json", "object_repr": "50%", "object_id": "3", "content_type": 25, "object_id_int": 3, "serialized_data": "[{\"fields\": {\"width\": \"50%\"}, \"model\": \"djangocms_column.column\", \"pk\": 3}]", "revision": 6}, "model": "reversion.version", "pk": 49}, {"fields": {"format": "json", "object_repr": "2 columns", "object_id": "1", "content_type": 24, "object_id_int": 1, "serialized_data": "[{\"fields\": {}, \"model\": \"djangocms_column.multicolumns\", \"pk\": 1}]", "revision": 6}, "model": "reversion.version", "pk": 50}, {"fields": {"format": "json", "object_repr": "Column 2", "object_id": "5", "content_type": 22, "object_id_int": 5, "serialized_data": "[{\"fields\": {\"body\": \"<p>Column 2</p>\\n\"}, \"model\": \"djangocms_text_ckeditor.text\", \"pk\": 5}]", "revision": 6}, "model": "reversion.version", "pk": 51}, {"fields": {"format": "json", "object_repr": "1", "object_id": "1", "content_type": 11, "object_id_int": 1, "serialized_data": "[{\"fields\": {\"changed_date\": \"2015-10-12T12:57:39.767Z\", \"language\": \"en\", \"parent\": null, \"numchild\": 2, \"creation_date\": \"2015-10-12T12:57:33.000Z\", \"depth\": 1, \"position\": 0, \"path\": \"0001\", \"placeholder\": 2, \"plugin_type\": \"MultiColumnPlugin\"}, \"model\": \"cms.cmsplugin\", \"pk\": 1}]", "revision": 6}, "model": "reversion.version", "pk": 52}, {"fields": {"format": "json", "object_repr": "2", "object_id": "2", "content_type": 11, "object_id_int": 2, "serialized_data": "[{\"fields\": {\"changed_date\": \"2015-10-12T12:57:39.770Z\", \"language\": \"en\", \"parent\": 1, \"numchild\": 1, \"creation_date\": \"2015-10-12T12:57:39.769Z\", \"depth\": 2, \"position\": 0, \"path\": \"00010001\", \"placeholder\": 2, \"plugin_type\": \"ColumnPlugin\"}, \"model\": \"cms.cmsplugin\", \"pk\": 2}]", "revision": 6}, "model": "reversion.version", "pk": 53}, {"fields": {"format": "json", "object_repr": "50%", "object_id": "2", "content_type": 25, "object_id_int": 2, "serialized_data": "[{\"fields\": {\"width\": \"50%\"}, \"model\": \"djangocms_column.column\", \"pk\": 2}]", "revision": 6}, "model": "reversion.version", "pk": 54}, {"fields": {"format": "json", "object_repr": "3", "object_id": "3", "content_type": 11, "object_id_int": 3, "serialized_data": "[{\"fields\": {\"changed_date\": \"2015-10-12T12:57:39.776Z\", \"language\": \"en\", \"parent\": 1, \"numchild\": 1, \"creation_date\": \"2015-10-12T12:57:39.774Z\", \"depth\": 2, \"position\": 1, \"path\": \"00010002\", \"placeholder\": 2, \"plugin_type\": \"ColumnPlugin\"}, \"model\": \"cms.cmsplugin\", \"pk\": 3}]", "revision": 6}, "model": "reversion.version", "pk": 55}, {"fields": {"format": "json", "object_repr": "Home (home, en)", "object_id": "1", "content_type": 16, "object_id_int": 1, "serialized_data": "[{\"fields\": {\"menu_title\": null, \"meta_description\": null, \"page_title\": null, \"language\": \"en\", \"title\": \"Home\", \"has_url_overwrite\": false, \"redirect\": null, \"page\": 1, \"published\": false, \"path\": \"\", \"creation_date\": \"2015-10-12T12:57:25.026Z\", \"slug\": \"home\"}, \"model\": \"cms.title\", \"pk\": 1}]", "revision": 6}, "model": "reversion.version", "pk": 56}, {"fields": {"format": "json", "object_repr": "Column 1", "object_id": "4", "content_type": 22, "object_id_int": 4, "serialized_data": "[{\"fields\": {\"body\": \"<p>Column 1</p>\\n\"}, \"model\": \"djangocms_text_ckeditor.text\", \"pk\": 4}]", "revision": 6}, "model": "reversion.version", "pk": 57}, {"fields": {"format": "json", "object_repr": "4", "object_id": "4", "content_type": 11, "object_id_int": 4, "serialized_data": "[{\"fields\": {\"changed_date\": \"2015-10-12T12:57:51.376Z\", \"language\": \"en\", \"parent\": 2, \"numchild\": 0, \"creation_date\": \"2015-10-12T12:57:46.312Z\", \"depth\": 3, \"position\": 0, \"path\": \"000100010001\", \"placeholder\": 2, \"plugin_type\": \"TextPlugin\"}, \"model\": \"cms.cmsplugin\", \"pk\": 4}]", "revision": 6}, "model": "reversion.version", "pk": 58}, {"fields": {"format": "json", "object_repr": "5", "object_id": "5", "content_type": 11, "object_id_int": 5, "serialized_data": "[{\"fields\": {\"changed_date\": \"2015-10-12T12:57:59.399Z\", \"language\": \"en\", \"parent\": 3, \"numchild\": 0, \"creation_date\": \"2015-10-12T12:57:55.170Z\", \"depth\": 3, \"position\": 0, \"path\": \"000100020001\", \"placeholder\": 2, \"plugin_type\": \"TextPlugin\"}, \"model\": \"cms.cmsplugin\", \"pk\": 5}]", "revision": 6}, "model": "reversion.version", "pk": 59}, {"fields": {"format": "json", "object_repr": "Home", "object_id": "1", "content_type": 2, "object_id_int": 1, "serialized_data": "[{\"fields\": {\"navigation_extenders\": null, \"site\": 1, \"application_namespace\": null, \"path\": \"0001\", \"in_navigation\": true, \"reverse_id\": null, \"login_required\": false, \"created_by\": \"script\", \"languages\": \"en\", \"publication_end_date\": null, \"template\": \"INHERIT\", \"placeholders\": [2], \"changed_date\": \"2015-10-12T12:57:59.452Z\", \"limit_visibility_in_menu\": null, \"parent\": null, \"numchild\": 0, \"soft_root\": false, \"is_home\": true, \"publication_date\": null, \"creation_date\": \"2015-10-12T12:57:25.002Z\", \"application_urls\": null, \"changed_by\": \"user\", \"xframe_options\": 0, \"depth\": 1, \"revision_id\": 0}, \"model\": \"cms.page\", \"pk\": 1}]", "revision": 7}, "model": "reversion.version", "pk": 60}, {"fields": {"format": "json", "object_repr": "content", "object_id": "2", "content_type": 1, "object_id_int": 2, "serialized_data": "[{\"fields\": {\"slot\": \"content\", \"default_width\": null}, \"model\": \"cms.placeholder\", \"pk\": 2}]", "revision": 7}, "model": "reversion.version", "pk": 61}, {"fields": {"format": "json", "object_repr": "50%", "object_id": "3", "content_type": 25, "object_id_int": 3, "serialized_data": "[{\"fields\": {\"width\": \"50%\"}, \"model\": \"djangocms_column.column\", \"pk\": 3}]", "revision": 7}, "model": "reversion.version", "pk": 62}, {"fields": {"format": "json", "object_repr": "1", "object_id": "1", "content_type": 11, "object_id_int": 1, "serialized_data": "[{\"fields\": {\"changed_date\": \"2015-10-12T12:57:39.767Z\", \"language\": \"en\", \"parent\": null, \"numchild\": 2, \"creation_date\": \"2015-10-12T12:57:33.000Z\", \"depth\": 1, \"position\": 0, \"path\": \"0001\", \"placeholder\": 2, \"plugin_type\": \"MultiColumnPlugin\"}, \"model\": \"cms.cmsplugin\", \"pk\": 1}]", "revision": 7}, "model": "reversion.version", "pk": 63}, {"fields": {"format": "json", "object_repr": "Column 2", "object_id": "5", "content_type": 22, "object_id_int": 5, "serialized_data": "[{\"fields\": {\"body\": \"<p>Column 2</p>\\n\"}, \"model\": \"djangocms_text_ckeditor.text\", \"pk\": 5}]", "revision": 7}, "model": "reversion.version", "pk": 64}, {"fields": {"format": "json", "object_repr": "6", "object_id": "6", "content_type": 11, "object_id_int": 6, "serialized_data": "[{\"fields\": {\"changed_date\": \"2015-10-12T12:58:07.702Z\", \"language\": \"en\", \"parent\": null, \"numchild\": 0, \"creation_date\": \"2015-10-12T12:58:07.697Z\", \"depth\": 1, \"position\": 5, \"path\": \"0002\", \"placeholder\": 2, \"plugin_type\": \"TextPlugin\"}, \"model\": \"cms.cmsplugin\", \"pk\": 6}]", "revision": 7}, "model": "reversion.version", "pk": 65}, {"fields": {"format": "json", "object_repr": "2 columns", "object_id": "1", "content_type": 24, "object_id_int": 1, "serialized_data": "[{\"fields\": {}, \"model\": \"djangocms_column.multicolumns\", \"pk\": 1}]", "revision": 7}, "model": "reversion.version", "pk": 66}, {"fields": {"format": "json", "object_repr": "2", "object_id": "2", "content_type": 11, "object_id_int": 2, "serialized_data": "[{\"fields\": {\"changed_date\": \"2015-10-12T12:57:39.770Z\", \"language\": \"en\", \"parent\": 1, \"numchild\": 1, \"creation_date\": \"2015-10-12T12:57:39.769Z\", \"depth\": 2, \"position\": 0, \"path\": \"00010001\", \"placeholder\": 2, \"plugin_type\": \"ColumnPlugin\"}, \"model\": \"cms.cmsplugin\", \"pk\": 2}]", "revision": 7}, "model": "reversion.version", "pk": 67}, {"fields": {"format": "json", "object_repr": "50%", "object_id": "2", "content_type": 25, "object_id_int": 2, "serialized_data": "[{\"fields\": {\"width\": \"50%\"}, \"model\": \"djangocms_column.column\", \"pk\": 2}]", "revision": 7}, "model": "reversion.version", "pk": 68}, {"fields": {"format": "json", "object_repr": "3", "object_id": "3", "content_type": 11, "object_id_int": 3, "serialized_data": "[{\"fields\": {\"changed_date\": \"2015-10-12T12:57:39.776Z\", \"language\": \"en\", \"parent\": 1, \"numchild\": 1, \"creation_date\": \"2015-10-12T12:57:39.774Z\", \"depth\": 2, \"position\": 1, \"path\": \"00010002\", \"placeholder\": 2, \"plugin_type\": \"ColumnPlugin\"}, \"model\": \"cms.cmsplugin\", \"pk\": 3}]", "revision": 7}, "model": "reversion.version", "pk": 69}, {"fields": {"format": "json", "object_repr": "Home (home, en)", "object_id": "1", "content_type": 16, "object_id_int": 1, "serialized_data": "[{\"fields\": {\"menu_title\": null, \"meta_description\": null, \"page_title\": null, \"language\": \"en\", \"title\": \"Home\", \"has_url_overwrite\": false, \"redirect\": null, \"page\": 1, \"published\": false, \"path\": \"\", \"creation_date\": \"2015-10-12T12:57:25.026Z\", \"slug\": \"home\"}, \"model\": \"cms.title\", \"pk\": 1}]", "revision": 7}, "model": "reversion.version", "pk": 70}, {"fields": {"format": "json", "object_repr": "Column 1", "object_id": "4", "content_type": 22, "object_id_int": 4, "serialized_data": "[{\"fields\": {\"body\": \"<p>Column 1</p>\\n\"}, \"model\": \"djangocms_text_ckeditor.text\", \"pk\": 4}]", "revision": 7}, "model": "reversion.version", "pk": 71}, {"fields": {"format": "json", "object_repr": "4", "object_id": "4", "content_type": 11, "object_id_int": 4, "serialized_data": "[{\"fields\": {\"changed_date\": \"2015-10-12T12:57:51.376Z\", \"language\": \"en\", \"parent\": 2, \"numchild\": 0, \"creation_date\": \"2015-10-12T12:57:46.312Z\", \"depth\": 3, \"position\": 0, \"path\": \"000100010001\", \"placeholder\": 2, \"plugin_type\": \"TextPlugin\"}, \"model\": \"cms.cmsplugin\", \"pk\": 4}]", "revision": 7}, "model": "reversion.version", "pk": 72}, {"fields": {"format": "json", "object_repr": "5", "object_id": "5", "content_type": 11, "object_id_int": 5, "serialized_data": "[{\"fields\": {\"changed_date\": \"2015-10-12T12:57:59.399Z\", \"language\": \"en\", \"parent\": 3, \"numchild\": 0, \"creation_date\": \"2015-10-12T12:57:55.170Z\", \"depth\": 3, \"position\": 0, \"path\": \"000100020001\", \"placeholder\": 2, \"plugin_type\": \"TextPlugin\"}, \"model\": \"cms.cmsplugin\", \"pk\": 5}]", "revision": 7}, "model": "reversion.version", "pk": 73}, {"fields": {"format": "json", "object_repr": "Home", "object_id": "1", "content_type": 2, "object_id_int": 1, "serialized_data": "[{\"fields\": {\"navigation_extenders\": null, \"site\": 1, \"application_namespace\": null, \"path\": \"0001\", \"in_navigation\": true, \"reverse_id\": null, \"login_required\": false, \"created_by\": \"script\", \"languages\": \"en\", \"publication_end_date\": null, \"template\": \"INHERIT\", \"placeholders\": [2], \"changed_date\": \"2015-10-12T12:58:07.742Z\", \"limit_visibility_in_menu\": null, \"parent\": null, \"numchild\": 0, \"soft_root\": false, \"is_home\": true, \"publication_date\": null, \"creation_date\": \"2015-10-12T12:57:25.002Z\", \"application_urls\": null, \"changed_by\": \"user\", \"xframe_options\": 0, \"depth\": 1, \"revision_id\": 0}, \"model\": \"cms.page\", \"pk\": 1}]", "revision": 8}, "model": "reversion.version", "pk": 74}, {"fields": {"format": "json", "object_repr": "content", "object_id": "2", "content_type": 1, "object_id_int": 2, "serialized_data": "[{\"fields\": {\"slot\": \"content\", \"default_width\": null}, \"model\": \"cms.placeholder\", \"pk\": 2}]", "revision": 8}, "model": "reversion.version", "pk": 75}, {"fields": {"format": "json", "object_repr": "50%", "object_id": "3", "content_type": 25, "object_id_int": 3, "serialized_data": "[{\"fields\": {\"width\": \"50%\"}, \"model\": \"djangocms_column.column\", \"pk\": 3}]", "revision": 8}, "model": "reversion.version", "pk": 76}, {"fields": {"format": "json", "object_repr": "1", "object_id": "1", "content_type": 11, "object_id_int": 1, "serialized_data": "[{\"fields\": {\"changed_date\": \"2015-10-12T12:57:39.767Z\", \"language\": \"en\", \"parent\": null, \"numchild\": 2, \"creation_date\": \"2015-10-12T12:57:33.000Z\", \"depth\": 1, \"position\": 0, \"path\": \"0001\", \"placeholder\": 2, \"plugin_type\": \"MultiColumnPlugin\"}, \"model\": \"cms.cmsplugin\", \"pk\": 1}]", "revision": 8}, "model": "reversion.version", "pk": 77}, {"fields": {"format": "json", "object_repr": "Column 2", "object_id": "5", "content_type": 22, "object_id_int": 5, "serialized_data": "[{\"fields\": {\"body\": \"<p>Column 2</p>\\n\"}, \"model\": \"djangocms_text_ckeditor.text\", \"pk\": 5}]", "revision": 8}, "model": "reversion.version", "pk": 78}, {"fields": {"format": "json", "object_repr": "This is django...", "object_id": "6", "content_type": 22, "object_id_int": 6, "serialized_data": "[{\"fields\": {\"body\": \"<p>This is <strong>django CMS</strong>!</p>\\n\"}, \"model\": \"djangocms_text_ckeditor.text\", \"pk\": 6}]", "revision": 8}, "model": "reversion.version", "pk": 79}, {"fields": {"format": "json", "object_repr": "2 columns", "object_id": "1", "content_type": 24, "object_id_int": 1, "serialized_data": "[{\"fields\": {}, \"model\": \"djangocms_column.multicolumns\", \"pk\": 1}]", "revision": 8}, "model": "reversion.version", "pk": 80}, {"fields": {"format": "json", "object_repr": "2", "object_id": "2", "content_type": 11, "object_id_int": 2, "serialized_data": "[{\"fields\": {\"changed_date\": \"2015-10-12T12:57:39.770Z\", \"language\": \"en\", \"parent\": 1, \"numchild\": 1, \"creation_date\": \"2015-10-12T12:57:39.769Z\", \"depth\": 2, \"position\": 0, \"path\": \"00010001\", \"placeholder\": 2, \"plugin_type\": \"ColumnPlugin\"}, \"model\": \"cms.cmsplugin\", \"pk\": 2}]", "revision": 8}, "model": "reversion.version", "pk": 81}, {"fields": {"format": "json", "object_repr": "50%", "object_id": "2", "content_type": 25, "object_id_int": 2, "serialized_data": "[{\"fields\": {\"width\": \"50%\"}, \"model\": \"djangocms_column.column\", \"pk\": 2}]", "revision": 8}, "model": "reversion.version", "pk": 82}, {"fields": {"format": "json", "object_repr": "3", "object_id": "3", "content_type": 11, "object_id_int": 3, "serialized_data": "[{\"fields\": {\"changed_date\": \"2015-10-12T12:57:39.776Z\", \"language\": \"en\", \"parent\": 1, \"numchild\": 1, \"creation_date\": \"2015-10-12T12:57:39.774Z\", \"depth\": 2, \"position\": 1, \"path\": \"00010002\", \"placeholder\": 2, \"plugin_type\": \"ColumnPlugin\"}, \"model\": \"cms.cmsplugin\", \"pk\": 3}]", "revision": 8}, "model": "reversion.version", "pk": 83}, {"fields": {"format": "json", "object_repr": "Home (home, en)", "object_id": "1", "content_type": 16, "object_id_int": 1, "serialized_data": "[{\"fields\": {\"menu_title\": null, \"meta_description\": null, \"page_title\": null, \"language\": \"en\", \"title\": \"Home\", \"has_url_overwrite\": false, \"redirect\": null, \"page\": 1, \"published\": false, \"path\": \"\", \"creation_date\": \"2015-10-12T12:57:25.026Z\", \"slug\": \"home\"}, \"model\": \"cms.title\", \"pk\": 1}]", "revision": 8}, "model": "reversion.version", "pk": 84}, {"fields": {"format": "json", "object_repr": "Column 1", "object_id": "4", "content_type": 22, "object_id_int": 4, "serialized_data": "[{\"fields\": {\"body\": \"<p>Column 1</p>\\n\"}, \"model\": \"djangocms_text_ckeditor.text\", \"pk\": 4}]", "revision": 8}, "model": "reversion.version", "pk": 85}, {"fields": {"format": "json", "object_repr": "6", "object_id": "6", "content_type": 11, "object_id_int": 6, "serialized_data": "[{\"fields\": {\"changed_date\": \"2015-10-12T12:58:12.517Z\", \"language\": \"en\", \"parent\": null, \"numchild\": 0, \"creation_date\": \"2015-10-12T12:58:07.697Z\", \"depth\": 1, \"position\": 5, \"path\": \"0002\", \"placeholder\": 2, \"plugin_type\": \"TextPlugin\"}, \"model\": \"cms.cmsplugin\", \"pk\": 6}]", "revision": 8}, "model": "reversion.version", "pk": 86}, {"fields": {"format": "json", "object_repr": "4", "object_id": "4", "content_type": 11, "object_id_int": 4, "serialized_data": "[{\"fields\": {\"changed_date\": \"2015-10-12T12:57:51.376Z\", \"language\": \"en\", \"parent\": 2, \"numchild\": 0, \"creation_date\": \"2015-10-12T12:57:46.312Z\", \"depth\": 3, \"position\": 0, \"path\": \"000100010001\", \"placeholder\": 2, \"plugin_type\": \"TextPlugin\"}, \"model\": \"cms.cmsplugin\", \"pk\": 4}]", "revision": 8}, "model": "reversion.version", "pk": 87}, {"fields": {"format": "json", "object_repr": "5", "object_id": "5", "content_type": 11, "object_id_int": 5, "serialized_data": "[{\"fields\": {\"changed_date\": \"2015-10-12T12:57:59.399Z\", \"language\": \"en\", \"parent\": 3, \"numchild\": 0, \"creation_date\": \"2015-10-12T12:57:55.170Z\", \"depth\": 3, \"position\": 0, \"path\": \"000100020001\", \"placeholder\": 2, \"plugin_type\": \"TextPlugin\"}, \"model\": \"cms.cmsplugin\", \"pk\": 5}]", "revision": 8}, "model": "reversion.version", "pk": 88}, {"fields": {"format": "json", "object_repr": "Home", "object_id": "1", "content_type": 2, "object_id_int": 1, "serialized_data": "[{\"fields\": {\"navigation_extenders\": null, \"site\": 1, \"application_namespace\": null, \"path\": \"0001\", \"in_navigation\": true, \"reverse_id\": null, \"login_required\": false, \"created_by\": \"script\", \"languages\": \"en\", \"publication_end_date\": null, \"template\": \"INHERIT\", \"placeholders\": [2], \"changed_date\": \"2015-10-12T12:58:12.571Z\", \"limit_visibility_in_menu\": null, \"parent\": null, \"numchild\": 0, \"soft_root\": false, \"is_home\": true, \"publication_date\": null, \"creation_date\": \"2015-10-12T12:57:25.002Z\", \"application_urls\": null, \"changed_by\": \"user\", \"xframe_options\": 0, \"depth\": 1, \"revision_id\": 0}, \"model\": \"cms.page\", \"pk\": 1}]", "revision": 9}, "model": "reversion.version", "pk": 89}, {"fields": {"format": "json", "object_repr": "content", "object_id": "2", "content_type": 1, "object_id_int": 2, "serialized_data": "[{\"fields\": {\"slot\": \"content\", \"default_width\": null}, \"model\": \"cms.placeholder\", \"pk\": 2}]", "revision": 9}, "model": "reversion.version", "pk": 90}, {"fields": {"format": "json", "object_repr": "50%", "object_id": "3", "content_type": 25, "object_id_int": 3, "serialized_data": "[{\"fields\": {\"width\": \"50%\"}, \"model\": \"djangocms_column.column\", \"pk\": 3}]", "revision": 9}, "model": "reversion.version", "pk": 91}, {"fields": {"format": "json", "object_repr": "1", "object_id": "1", "content_type": 11, "object_id_int": 1, "serialized_data": "[{\"fields\": {\"changed_date\": \"2015-10-12T12:58:14.874Z\", \"language\": \"en\", \"parent\": null, \"numchild\": 2, \"creation_date\": \"2015-10-12T12:57:33.000Z\", \"depth\": 1, \"position\": 1, \"path\": \"0001\", \"placeholder\": 2, \"plugin_type\": \"MultiColumnPlugin\"}, \"model\": \"cms.cmsplugin\", \"pk\": 1}]", "revision": 9}, "model": "reversion.version", "pk": 92}, {"fields": {"format": "json", "object_repr": "Column 2", "object_id": "5", "content_type": 22, "object_id_int": 5, "serialized_data": "[{\"fields\": {\"body\": \"<p>Column 2</p>\\n\"}, \"model\": \"djangocms_text_ckeditor.text\", \"pk\": 5}]", "revision": 9}, "model": "reversion.version", "pk": 93}, {"fields": {"format": "json", "object_repr": "This is django...", "object_id": "6", "content_type": 22, "object_id_int": 6, "serialized_data": "[{\"fields\": {\"body\": \"<p>This is <strong>django CMS</strong>!</p>\\n\"}, \"model\": \"djangocms_text_ckeditor.text\", \"pk\": 6}]", "revision": 9}, "model": "reversion.version", "pk": 94}, {"fields": {"format": "json", "object_repr": "2 columns", "object_id": "1", "content_type": 24, "object_id_int": 1, "serialized_data": "[{\"fields\": {}, \"model\": \"djangocms_column.multicolumns\", \"pk\": 1}]", "revision": 9}, "model": "reversion.version", "pk": 95}, {"fields": {"format": "json", "object_repr": "2", "object_id": "2", "content_type": 11, "object_id_int": 2, "serialized_data": "[{\"fields\": {\"changed_date\": \"2015-10-12T12:57:39.770Z\", \"language\": \"en\", \"parent\": 1, \"numchild\": 1, \"creation_date\": \"2015-10-12T12:57:39.769Z\", \"depth\": 2, \"position\": 0, \"path\": \"00010001\", \"placeholder\": 2, \"plugin_type\": \"ColumnPlugin\"}, \"model\": \"cms.cmsplugin\", \"pk\": 2}]", "revision": 9}, "model": "reversion.version", "pk": 96}, {"fields": {"format": "json", "object_repr": "50%", "object_id": "2", "content_type": 25, "object_id_int": 2, "serialized_data": "[{\"fields\": {\"width\": \"50%\"}, \"model\": \"djangocms_column.column\", \"pk\": 2}]", "revision": 9}, "model": "reversion.version", "pk": 97}, {"fields": {"format": "json", "object_repr": "3", "object_id": "3", "content_type": 11, "object_id_int": 3, "serialized_data": "[{\"fields\": {\"changed_date\": \"2015-10-12T12:57:39.776Z\", \"language\": \"en\", \"parent\": 1, \"numchild\": 1, \"creation_date\": \"2015-10-12T12:57:39.774Z\", \"depth\": 2, \"position\": 1, \"path\": \"00010002\", \"placeholder\": 2, \"plugin_type\": \"ColumnPlugin\"}, \"model\": \"cms.cmsplugin\", \"pk\": 3}]", "revision": 9}, "model": "reversion.version", "pk": 98}, {"fields": {"format": "json", "object_repr": "Home (home, en)", "object_id": "1", "content_type": 16, "object_id_int": 1, "serialized_data": "[{\"fields\": {\"menu_title\": null, \"meta_description\": null, \"page_title\": null, \"language\": \"en\", \"title\": \"Home\", \"has_url_overwrite\": false, \"redirect\": null, \"page\": 1, \"published\": false, \"path\": \"\", \"creation_date\": \"2015-10-12T12:57:25.026Z\", \"slug\": \"home\"}, \"model\": \"cms.title\", \"pk\": 1}]", "revision": 9}, "model": "reversion.version", "pk": 99}, {"fields": {"format": "json", "object_repr": "Column 1", "object_id": "4", "content_type": 22, "object_id_int": 4, "serialized_data": "[{\"fields\": {\"body\": \"<p>Column 1</p>\\n\"}, \"model\": \"djangocms_text_ckeditor.text\", \"pk\": 4}]", "revision": 9}, "model": "reversion.version", "pk": 100}, {"fields": {"format": "json", "object_repr": "6", "object_id": "6", "content_type": 11, "object_id_int": 6, "serialized_data": "[{\"fields\": {\"changed_date\": \"2015-10-12T12:58:14.884Z\", \"language\": \"en\", \"parent\": null, \"numchild\": 0, \"creation_date\": \"2015-10-12T12:58:07.697Z\", \"depth\": 1, \"position\": 0, \"path\": \"0002\", \"placeholder\": 2, \"plugin_type\": \"TextPlugin\"}, \"model\": \"cms.cmsplugin\", \"pk\": 6}]", "revision": 9}, "model": "reversion.version", "pk": 101}, {"fields": {"format": "json", "object_repr": "4", "object_id": "4", "content_type": 11, "object_id_int": 4, "serialized_data": "[{\"fields\": {\"changed_date\": \"2015-10-12T12:57:51.376Z\", \"language\": \"en\", \"parent\": 2, \"numchild\": 0, \"creation_date\": \"2015-10-12T12:57:46.312Z\", \"depth\": 3, \"position\": 0, \"path\": \"000100010001\", \"placeholder\": 2, \"plugin_type\": \"TextPlugin\"}, \"model\": \"cms.cmsplugin\", \"pk\": 4}]", "revision": 9}, "model": "reversion.version", "pk": 102}, {"fields": {"format": "json", "object_repr": "5", "object_id": "5", "content_type": 11, "object_id_int": 5, "serialized_data": "[{\"fields\": {\"changed_date\": \"2015-10-12T12:57:59.399Z\", \"language\": \"en\", \"parent\": 3, \"numchild\": 0, \"creation_date\": \"2015-10-12T12:57:55.170Z\", \"depth\": 3, \"position\": 0, \"path\": \"000100020001\", \"placeholder\": 2, \"plugin_type\": \"TextPlugin\"}, \"model\": \"cms.cmsplugin\", \"pk\": 5}]", "revision": 9}, "model": "reversion.version", "pk": 103}, {"fields": {"format": "json", "object_repr": "Home", "object_id": "1", "content_type": 2, "object_id_int": 1, "serialized_data": "[{\"fields\": {\"navigation_extenders\": null, \"site\": 1, \"application_namespace\": null, \"path\": \"0001\", \"in_navigation\": true, \"reverse_id\": null, \"login_required\": false, \"created_by\": \"script\", \"languages\": \"en\", \"publication_end_date\": null, \"template\": \"INHERIT\", \"placeholders\": [2], \"changed_date\": \"2015-10-12T12:58:16.641Z\", \"limit_visibility_in_menu\": null, \"parent\": null, \"numchild\": 0, \"soft_root\": false, \"is_home\": true, \"publication_date\": \"2015-10-12T12:58:16.522Z\", \"creation_date\": \"2015-10-12T12:57:25.002Z\", \"application_urls\": null, \"changed_by\": \"user\", \"xframe_options\": 0, \"depth\": 1, \"revision_id\": 0}, \"model\": \"cms.page\", \"pk\": 1}]", "revision": 10}, "model": "reversion.version", "pk": 104}, {"fields": {"format": "json", "object_repr": "content", "object_id": "2", "content_type": 1, "object_id_int": 2, "serialized_data": "[{\"fields\": {\"slot\": \"content\", \"default_width\": null}, \"model\": \"cms.placeholder\", \"pk\": 2}]", "revision": 10}, "model": "reversion.version", "pk": 105}, {"fields": {"format": "json", "object_repr": "50%", "object_id": "3", "content_type": 25, "object_id_int": 3, "serialized_data": "[{\"fields\": {\"width\": \"50%\"}, \"model\": \"djangocms_column.column\", \"pk\": 3}]", "revision": 10}, "model": "reversion.version", "pk": 106}, {"fields": {"format": "json", "object_repr": "1", "object_id": "1", "content_type": 11, "object_id_int": 1, "serialized_data": "[{\"fields\": {\"changed_date\": \"2015-10-12T12:58:14.874Z\", \"language\": \"en\", \"parent\": null, \"numchild\": 2, \"creation_date\": \"2015-10-12T12:57:33.000Z\", \"depth\": 1, \"position\": 1, \"path\": \"0001\", \"placeholder\": 2, \"plugin_type\": \"MultiColumnPlugin\"}, \"model\": \"cms.cmsplugin\", \"pk\": 1}]", "revision": 10}, "model": "reversion.version", "pk": 107}, {"fields": {"format": "json", "object_repr": "Column 2", "object_id": "5", "content_type": 22, "object_id_int": 5, "serialized_data": "[{\"fields\": {\"body\": \"<p>Column 2</p>\\n\"}, \"model\": \"djangocms_text_ckeditor.text\", \"pk\": 5}]", "revision": 10}, "model": "reversion.version", "pk": 108}, {"fields": {"format": "json", "object_repr": "This is django...", "object_id": "6", "content_type": 22, "object_id_int": 6, "serialized_data": "[{\"fields\": {\"body\": \"<p>This is <strong>django CMS</strong>!</p>\\n\"}, \"model\": \"djangocms_text_ckeditor.text\", \"pk\": 6}]", "revision": 10}, "model": "reversion.version", "pk": 109}, {"fields": {"format": "json", "object_repr": "2 columns", "object_id": "1", "content_type": 24, "object_id_int": 1, "serialized_data": "[{\"fields\": {}, \"model\": \"djangocms_column.multicolumns\", \"pk\": 1}]", "revision": 10}, "model": "reversion.version", "pk": 110}, {"fields": {"format": "json", "object_repr": "2", "object_id": "2", "content_type": 11, "object_id_int": 2, "serialized_data": "[{\"fields\": {\"changed_date\": \"2015-10-12T12:57:39.770Z\", \"language\": \"en\", \"parent\": 1, \"numchild\": 1, \"creation_date\": \"2015-10-12T12:57:39.769Z\", \"depth\": 2, \"position\": 0, \"path\": \"00010001\", \"placeholder\": 2, \"plugin_type\": \"ColumnPlugin\"}, \"model\": \"cms.cmsplugin\", \"pk\": 2}]", "revision": 10}, "model": "reversion.version", "pk": 111}, {"fields": {"format": "json", "object_repr": "50%", "object_id": "2", "content_type": 25, "object_id_int": 2, "serialized_data": "[{\"fields\": {\"width\": \"50%\"}, \"model\": \"djangocms_column.column\", \"pk\": 2}]", "revision": 10}, "model": "reversion.version", "pk": 112}, {"fields": {"format": "json", "object_repr": "3", "object_id": "3", "content_type": 11, "object_id_int": 3, "serialized_data": "[{\"fields\": {\"changed_date\": \"2015-10-12T12:57:39.776Z\", \"language\": \"en\", \"parent\": 1, \"numchild\": 1, \"creation_date\": \"2015-10-12T12:57:39.774Z\", \"depth\": 2, \"position\": 1, \"path\": \"00010002\", \"placeholder\": 2, \"plugin_type\": \"ColumnPlugin\"}, \"model\": \"cms.cmsplugin\", \"pk\": 3}]", "revision": 10}, "model": "reversion.version", "pk": 113}, {"fields": {"format": "json", "object_repr": "Home (home, en)", "object_id": "1", "content_type": 16, "object_id_int": 1, "serialized_data": "[{\"fields\": {\"menu_title\": null, \"meta_description\": null, \"page_title\": null, \"language\": \"en\", \"title\": \"Home\", \"has_url_overwrite\": false, \"redirect\": null, \"page\": 1, \"published\": true, \"path\": \"\", \"creation_date\": \"2015-10-12T12:57:25.026Z\", \"slug\": \"home\"}, \"model\": \"cms.title\", \"pk\": 1}]", "revision": 10}, "model": "reversion.version", "pk": 114}, {"fields": {"format": "json", "object_repr": "Column 1", "object_id": "4", "content_type": 22, "object_id_int": 4, "serialized_data": "[{\"fields\": {\"body\": \"<p>Column 1</p>\\n\"}, \"model\": \"djangocms_text_ckeditor.text\", \"pk\": 4}]", "revision": 10}, "model": "reversion.version", "pk": 115}, {"fields": {"format": "json", "object_repr": "6", "object_id": "6", "content_type": 11, "object_id_int": 6, "serialized_data": "[{\"fields\": {\"changed_date\": \"2015-10-12T12:58:14.884Z\", \"language\": \"en\", \"parent\": null, \"numchild\": 0, \"creation_date\": \"2015-10-12T12:58:07.697Z\", \"depth\": 1, \"position\": 0, \"path\": \"0002\", \"placeholder\": 2, \"plugin_type\": \"TextPlugin\"}, \"model\": \"cms.cmsplugin\", \"pk\": 6}]", "revision": 10}, "model": "reversion.version", "pk": 116}, {"fields": {"format": "json", "object_repr": "4", "object_id": "4", "content_type": 11, "object_id_int": 4, "serialized_data": "[{\"fields\": {\"changed_date\": \"2015-10-12T12:57:51.376Z\", \"language\": \"en\", \"parent\": 2, \"numchild\": 0, \"creation_date\": \"2015-10-12T12:57:46.312Z\", \"depth\": 3, \"position\": 0, \"path\": \"000100010001\", \"placeholder\": 2, \"plugin_type\": \"TextPlugin\"}, \"model\": \"cms.cmsplugin\", \"pk\": 4}]", "revision": 10}, "model": "reversion.version", "pk": 117}, {"fields": {"format": "json", "object_repr": "5", "object_id": "5", "content_type": 11, "object_id_int": 5, "serialized_data": "[{\"fields\": {\"changed_date\": \"2015-10-12T12:57:59.399Z\", \"language\": \"en\", \"parent\": 3, \"numchild\": 0, \"creation_date\": \"2015-10-12T12:57:55.170Z\", \"depth\": 3, \"position\": 0, \"path\": \"000100020001\", \"placeholder\": 2, \"plugin_type\": \"TextPlugin\"}, \"model\": \"cms.cmsplugin\", \"pk\": 5}]", "revision": 10}, "model": "reversion.version", "pk": 118}, {"fields": {"codename": "use_structure", "name": "Can use Structure mode", "content_type": 1}, "model": "auth.permission", "pk": 1}, {"fields": {"codename": "change_page", "name": "", "content_type": 2}, "model": "auth.permission", "pk": 2}, {"fields": {"codename": "add_permission", "name": "Can add permission", "content_type": 3}, "model": "auth.permission", "pk": 3}, {"fields": {"codename": "change_permission", "name": "Can change permission", "content_type": 3}, "model": "auth.permission", "pk": 4}, {"fields": {"codename": "delete_permission", "name": "Can delete permission", "content_type": 3}, "model": "auth.permission", "pk": 5}, {"fields": {"codename": "add_group", "name": "Can add group", "content_type": 4}, "model": "auth.permission", "pk": 6}, {"fields": {"codename": "change_group", "name": "Can change group", "content_type": 4}, "model": "auth.permission", "pk": 7}, {"fields": {"codename": "delete_group", "name": "Can delete group", "content_type": 4}, "model": "auth.permission", "pk": 8}, {"fields": {"codename": "add_user", "name": "Can add user", "content_type": 5}, "model": "auth.permission", "pk": 9}, {"fields": {"codename": "change_user", "name": "Can change user", "content_type": 5}, "model": "auth.permission", "pk": 10}, {"fields": {"codename": "delete_user", "name": "Can delete user", "content_type": 5}, "model": "auth.permission", "pk": 11}, {"fields": {"codename": "add_contenttype", "name": "Can add content type", "content_type": 6}, "model": "auth.permission", "pk": 12}, {"fields": {"codename": "change_contenttype", "name": "Can change content type", "content_type": 6}, "model": "auth.permission", "pk": 13}, {"fields": {"codename": "delete_contenttype", "name": "Can delete content type", "content_type": 6}, "model": "auth.permission", "pk": 14}, {"fields": {"codename": "add_session", "name": "Can add session", "content_type": 7}, "model": "auth.permission", "pk": 15}, {"fields": {"codename": "change_session", "name": "Can change session", "content_type": 7}, "model": "auth.permission", "pk": 16}, {"fields": {"codename": "delete_session", "name": "Can delete session", "content_type": 7}, "model": "auth.permission", "pk": 17}, {"fields": {"codename": "add_logentry", "name": "Can add log entry", "content_type": 8}, "model": "auth.permission", "pk": 18}, {"fields": {"codename": "change_logentry", "name": "Can change log entry", "content_type": 8}, "model": "auth.permission", "pk": 19}, {"fields": {"codename": "delete_logentry", "name": "Can delete log entry", "content_type": 8}, "model": "auth.permission", "pk": 20}, {"fields": {"codename": "add_site", "name": "Can add site", "content_type": 9}, "model": "auth.permission", "pk": 21}, {"fields": {"codename": "change_site", "name": "Can change site", "content_type": 9}, "model": "auth.permission", "pk": 22}, {"fields": {"codename": "delete_site", "name": "Can delete site", "content_type": 9}, "model": "auth.permission", "pk": 23}, {"fields": {"codename": "add_usersettings", "name": "Can add user setting", "content_type": 10}, "model": "auth.permission", "pk": 24}, {"fields": {"codename": "change_usersettings", "name": "Can change user setting", "content_type": 10}, "model": "auth.permission", "pk": 25}, {"fields": {"codename": "delete_usersettings", "name": "Can delete user setting", "content_type": 10}, "model": "auth.permission", "pk": 26}, {"fields": {"codename": "add_placeholder", "name": "Can add placeholder", "content_type": 1}, "model": "auth.permission", "pk": 27}, {"fields": {"codename": "change_placeholder", "name": "Can change placeholder", "content_type": 1}, "model": "auth.permission", "pk": 28}, {"fields": {"codename": "delete_placeholder", "name": "Can delete placeholder", "content_type": 1}, "model": "auth.permission", "pk": 29}, {"fields": {"codename": "add_cmsplugin", "name": "Can add cms plugin", "content_type": 11}, "model": "auth.permission", "pk": 30}, {"fields": {"codename": "change_cmsplugin", "name": "Can change cms plugin", "content_type": 11}, "model": "auth.permission", "pk": 31}, {"fields": {"codename": "delete_cmsplugin", "name": "Can delete cms plugin", "content_type": 11}, "model": "auth.permission", "pk": 32}, {"fields": {"codename": "add_page", "name": "Can add page", "content_type": 2}, "model": "auth.permission", "pk": 33}, {"fields": {"codename": "delete_page", "name": "Can delete page", "content_type": 2}, "model": "auth.permission", "pk": 34}, {"fields": {"codename": "view_page", "name": "Can view page", "content_type": 2}, "model": "auth.permission", "pk": 35}, {"fields": {"codename": "publish_page", "name": "Can publish page", "content_type": 2}, "model": "auth.permission", "pk": 36}, {"fields": {"codename": "edit_static_placeholder", "name": "Can edit static placeholders", "content_type": 2}, "model": "auth.permission", "pk": 37}, {"fields": {"codename": "add_globalpagepermission", "name": "Can add Page global permission", "content_type": 12}, "model": "auth.permission", "pk": 38}, {"fields": {"codename": "change_globalpagepermission", "name": "Can change Page global permission", "content_type": 12}, "model": "auth.permission", "pk": 39}, {"fields": {"codename": "delete_globalpagepermission", "name": "Can delete Page global permission", "content_type": 12}, "model": "auth.permission", "pk": 40}, {"fields": {"codename": "add_pagepermission", "name": "Can add Page permission", "content_type": 13}, "model": "auth.permission", "pk": 41}, {"fields": {"codename": "change_pagepermission", "name": "Can change Page permission", "content_type": 13}, "model": "auth.permission", "pk": 42}, {"fields": {"codename": "delete_pagepermission", "name": "Can delete Page permission", "content_type": 13}, "model": "auth.permission", "pk": 43}, {"fields": {"codename": "add_pageuser", "name": "Can add User (page)", "content_type": 14}, "model": "auth.permission", "pk": 44}, {"fields": {"codename": "change_pageuser", "name": "Can change User (page)", "content_type": 14}, "model": "auth.permission", "pk": 45}, {"fields": {"codename": "delete_pageuser", "name": "Can delete User (page)", "content_type": 14}, "model": "auth.permission", "pk": 46}, {"fields": {"codename": "add_pageusergroup", "name": "Can add User group (page)", "content_type": 15}, "model": "auth.permission", "pk": 47}, {"fields": {"codename": "change_pageusergroup", "name": "Can change User group (page)", "content_type": 15}, "model": "auth.permission", "pk": 48}, {"fields": {"codename": "delete_pageusergroup", "name": "Can delete User group (page)", "content_type": 15}, "model": "auth.permission", "pk": 49}, {"fields": {"codename": "add_title", "name": "Can add title", "content_type": 16}, "model": "auth.permission", "pk": 50}, {"fields": {"codename": "change_title", "name": "Can change title", "content_type": 16}, "model": "auth.permission", "pk": 51}, {"fields": {"codename": "delete_title", "name": "Can delete title", "content_type": 16}, "model": "auth.permission", "pk": 52}, {"fields": {"codename": "add_placeholderreference", "name": "Can add placeholder reference", "content_type": 17}, "model": "auth.permission", "pk": 53}, {"fields": {"codename": "change_placeholderreference", "name": "Can change placeholder reference", "content_type": 17}, "model": "auth.permission", "pk": 54}, {"fields": {"codename": "delete_placeholderreference", "name": "Can delete placeholder reference", "content_type": 17}, "model": "auth.permission", "pk": 55}, {"fields": {"codename": "add_staticplaceholder", "name": "Can add static placeholder", "content_type": 18}, "model": "auth.permission", "pk": 56}, {"fields": {"codename": "change_staticplaceholder", "name": "Can change static placeholder", "content_type": 18}, "model": "auth.permission", "pk": 57}, {"fields": {"codename": "delete_staticplaceholder", "name": "Can delete static placeholder", "content_type": 18}, "model": "auth.permission", "pk": 58}, {"fields": {"codename": "add_aliaspluginmodel", "name": "Can add alias plugin model", "content_type": 19}, "model": "auth.permission", "pk": 59}, {"fields": {"codename": "change_aliaspluginmodel", "name": "Can change alias plugin model", "content_type": 19}, "model": "auth.permission", "pk": 60}, {"fields": {"codename": "delete_aliaspluginmodel", "name": "Can delete alias plugin model", "content_type": 19}, "model": "auth.permission", "pk": 61}, {"fields": {"codename": "add_urlconfrevision", "name": "Can add urlconf revision", "content_type": 20}, "model": "auth.permission", "pk": 62}, {"fields": {"codename": "change_urlconfrevision", "name": "Can change urlconf revision", "content_type": 20}, "model": "auth.permission", "pk": 63}, {"fields": {"codename": "delete_urlconfrevision", "name": "Can delete urlconf revision", "content_type": 20}, "model": "auth.permission", "pk": 64}, {"fields": {"codename": "add_cachekey", "name": "Can add cache key", "content_type": 21}, "model": "auth.permission", "pk": 65}, {"fields": {"codename": "change_cachekey", "name": "Can change cache key", "content_type": 21}, "model": "auth.permission", "pk": 66}, {"fields": {"codename": "delete_cachekey", "name": "Can delete cache key", "content_type": 21}, "model": "auth.permission", "pk": 67}, {"fields": {"codename": "add_text", "name": "Can add text", "content_type": 22}, "model": "auth.permission", "pk": 68}, {"fields": {"codename": "change_text", "name": "Can change text", "content_type": 22}, "model": "auth.permission", "pk": 69}, {"fields": {"codename": "delete_text", "name": "Can delete text", "content_type": 22}, "model": "auth.permission", "pk": 70}, {"fields": {"codename": "add_style", "name": "Can add style", "content_type": 23}, "model": "auth.permission", "pk": 71}, {"fields": {"codename": "change_style", "name": "Can change style", "content_type": 23}, "model": "auth.permission", "pk": 72}, {"fields": {"codename": "delete_style", "name": "Can delete style", "content_type": 23}, "model": "auth.permission", "pk": 73}, {"fields": {"codename": "add_multicolumns", "name": "Can add multi columns", "content_type": 24}, "model": "auth.permission", "pk": 74}, {"fields": {"codename": "change_multicolumns", "name": "Can change multi columns", "content_type": 24}, "model": "auth.permission", "pk": 75}, {"fields": {"codename": "delete_multicolumns", "name": "Can delete multi columns", "content_type": 24}, "model": "auth.permission", "pk": 76}, {"fields": {"codename": "add_column", "name": "Can add column", "content_type": 25}, "model": "auth.permission", "pk": 77}, {"fields": {"codename": "change_column", "name": "Can change column", "content_type": 25}, "model": "auth.permission", "pk": 78}, {"fields": {"codename": "delete_column", "name": "Can delete column", "content_type": 25}, "model": "auth.permission", "pk": 79}, {"fields": {"codename": "add_file", "name": "Can add file", "content_type": 26}, "model": "auth.permission", "pk": 80}, {"fields": {"codename": "change_file", "name": "Can change file", "content_type": 26}, "model": "auth.permission", "pk": 81}, {"fields": {"codename": "delete_file", "name": "Can delete file", "content_type": 26}, "model": "auth.permission", "pk": 82}, {"fields": {"codename": "add_flash", "name": "Can add flash", "content_type": 27}, "model": "auth.permission", "pk": 83}, {"fields": {"codename": "change_flash", "name": "Can change flash", "content_type": 27}, "model": "auth.permission", "pk": 84}, {"fields": {"codename": "delete_flash", "name": "Can delete flash", "content_type": 27}, "model": "auth.permission", "pk": 85}, {"fields": {"codename": "add_googlemap", "name": "Can add google map", "content_type": 28}, "model": "auth.permission", "pk": 86}, {"fields": {"codename": "change_googlemap", "name": "Can change google map", "content_type": 28}, "model": "auth.permission", "pk": 87}, {"fields": {"codename": "delete_googlemap", "name": "Can delete google map", "content_type": 28}, "model": "auth.permission", "pk": 88}, {"fields": {"codename": "add_inheritpageplaceholder", "name": "Can add inherit page placeholder", "content_type": 29}, "model": "auth.permission", "pk": 89}, {"fields": {"codename": "change_inheritpageplaceholder", "name": "Can change inherit page placeholder", "content_type": 29}, "model": "auth.permission", "pk": 90}, {"fields": {"codename": "delete_inheritpageplaceholder", "name": "Can delete inherit page placeholder", "content_type": 29}, "model": "auth.permission", "pk": 91}, {"fields": {"codename": "add_link", "name": "Can add link", "content_type": 30}, "model": "auth.permission", "pk": 92}, {"fields": {"codename": "change_link", "name": "Can change link", "content_type": 30}, "model": "auth.permission", "pk": 93}, {"fields": {"codename": "delete_link", "name": "Can delete link", "content_type": 30}, "model": "auth.permission", "pk": 94}, {"fields": {"codename": "add_picture", "name": "Can add picture", "content_type": 31}, "model": "auth.permission", "pk": 95}, {"fields": {"codename": "change_picture", "name": "Can change picture", "content_type": 31}, "model": "auth.permission", "pk": 96}, {"fields": {"codename": "delete_picture", "name": "Can delete picture", "content_type": 31}, "model": "auth.permission", "pk": 97}, {"fields": {"codename": "add_teaser", "name": "Can add teaser", "content_type": 32}, "model": "auth.permission", "pk": 98}, {"fields": {"codename": "change_teaser", "name": "Can change teaser", "content_type": 32}, "model": "auth.permission", "pk": 99}, {"fields": {"codename": "delete_teaser", "name": "Can delete teaser", "content_type": 32}, "model": "auth.permission", "pk": 100}, {"fields": {"codename": "add_video", "name": "Can add video", "content_type": 33}, "model": "auth.permission", "pk": 101}, {"fields": {"codename": "change_video", "name": "Can change video", "content_type": 33}, "model": "auth.permission", "pk": 102}, {"fields": {"codename": "delete_video", "name": "Can delete video", "content_type": 33}, "model": "auth.permission", "pk": 103}, {"fields": {"codename": "add_revision", "name": "Can add revision", "content_type": 34}, "model": "auth.permission", "pk": 104}, {"fields": {"codename": "change_revision", "name": "Can change revision", "content_type": 34}, "model": "auth.permission", "pk": 105}, {"fields": {"codename": "delete_revision", "name": "Can delete revision", "content_type": 34}, "model": "auth.permission", "pk": 106}, {"fields": {"codename": "add_version", "name": "Can add version", "content_type": 35}, "model": "auth.permission", "pk": 107}, {"fields": {"codename": "change_version", "name": "Can change version", "content_type": 35}, "model": "auth.permission", "pk": 108}, {"fields": {"codename": "delete_version", "name": "Can delete version", "content_type": 35}, "model": "auth.permission", "pk": 109}, {"fields": {"codename": "add_folder", "name": "Can add Folder", "content_type": 36}, "model": "auth.permission", "pk": 110}, {"fields": {"codename": "change_folder", "name": "Can change Folder", "content_type": 36}, "model": "auth.permission", "pk": 111}, {"fields": {"codename": "delete_folder", "name": "Can delete Folder", "content_type": 36}, "model": "auth.permission", "pk": 112}, {"fields": {"codename": "can_use_directory_listing", "name": "Can use directory listing", "content_type": 36}, "model": "auth.permission", "pk": 113}, {"fields": {"codename": "add_folderpermission", "name": "Can add folder permission", "content_type": 37}, "model": "auth.permission", "pk": 114}, {"fields": {"codename": "change_folderpermission", "name": "Can change folder permission", "content_type": 37}, "model": "auth.permission", "pk": 115}, {"fields": {"codename": "delete_folderpermission", "name": "Can delete folder permission", "content_type": 37}, "model": "auth.permission", "pk": 116}, {"fields": {"codename": "add_file", "name": "Can add file", "content_type": 38}, "model": "auth.permission", "pk": 117}, {"fields": {"codename": "change_file", "name": "Can change file", "content_type": 38}, "model": "auth.permission", "pk": 118}, {"fields": {"codename": "delete_file", "name": "Can delete file", "content_type": 38}, "model": "auth.permission", "pk": 119}, {"fields": {"codename": "add_clipboard", "name": "Can add clipboard", "content_type": 39}, "model": "auth.permission", "pk": 120}, {"fields": {"codename": "change_clipboard", "name": "Can change clipboard", "content_type": 39}, "model": "auth.permission", "pk": 121}, {"fields": {"codename": "delete_clipboard", "name": "Can delete clipboard", "content_type": 39}, "model": "auth.permission", "pk": 122}, {"fields": {"codename": "add_clipboarditem", "name": "Can add clipboard item", "content_type": 40}, "model": "auth.permission", "pk": 123}, {"fields": {"codename": "change_clipboarditem", "name": "Can change clipboard item", "content_type": 40}, "model": "auth.permission", "pk": 124}, {"fields": {"codename": "delete_clipboarditem", "name": "Can delete clipboard item", "content_type": 40}, "model": "auth.permission", "pk": 125}, {"fields": {"codename": "add_image", "name": "Can add image", "content_type": 41}, "model": "auth.permission", "pk": 126}, {"fields": {"codename": "change_image", "name": "Can change image", "content_type": 41}, "model": "auth.permission", "pk": 127}, {"fields": {"codename": "delete_image", "name": "Can delete image", "content_type": 41}, "model": "auth.permission", "pk": 128}, {"fields": {"codename": "add_source", "name": "Can add source", "content_type": 42}, "model": "auth.permission", "pk": 129}, {"fields": {"codename": "change_source", "name": "Can change source", "content_type": 42}, "model": "auth.permission", "pk": 130}, {"fields": {"codename": "delete_source", "name": "Can delete source", "content_type": 42}, "model": "auth.permission", "pk": 131}, {"fields": {"codename": "add_thumbnail", "name": "Can add thumbnail", "content_type": 43}, "model": "auth.permission", "pk": 132}, {"fields": {"codename": "change_thumbnail", "name": "Can change thumbnail", "content_type": 43}, "model": "auth.permission", "pk": 133}, {"fields": {"codename": "delete_thumbnail", "name": "Can delete thumbnail", "content_type": 43}, "model": "auth.permission", "pk": 134}, {"fields": {"codename": "add_thumbnaildimensions", "name": "Can add thumbnail dimensions", "content_type": 44}, "model": "auth.permission", "pk": 135}, {"fields": {"codename": "change_thumbnaildimensions", "name": "Can change thumbnail dimensions", "content_type": 44}, "model": "auth.permission", "pk": 136}, {"fields": {"codename": "delete_thumbnaildimensions", "name": "Can delete thumbnail dimensions", "content_type": 44}, "model": "auth.permission", "pk": 137}, {"fields": {"codename": "add_tag", "name": "Can add Tag", "content_type": 45}, "model": "auth.permission", "pk": 138}, {"fields": {"codename": "change_tag", "name": "Can change Tag", "content_type": 45}, "model": "auth.permission", "pk": 139}, {"fields": {"codename": "delete_tag", "name": "Can delete Tag", "content_type": 45}, "model": "auth.permission", "pk": 140}, {"fields": {"codename": "add_taggeditem", "name": "Can add Tagged Item", "content_type": 46}, "model": "auth.permission", "pk": 141}, {"fields": {"codename": "change_taggeditem", "name": "Can change Tagged Item", "content_type": 46}, "model": "auth.permission", "pk": 142}, {"fields": {"codename": "delete_taggeditem", "name": "Can delete Tagged Item", "content_type": 46}, "model": "auth.permission", "pk": 143}, {"fields": {"codename": "add_category", "name": "Can add category", "content_type": 48}, "model": "auth.permission", "pk": 144}, {"fields": {"codename": "change_category", "name": "Can change category", "content_type": 48}, "model": "auth.permission", "pk": 145}, {"fields": {"codename": "delete_category", "name": "Can delete category", "content_type": 48}, "model": "auth.permission", "pk": 146}, {"fields": {"codename": "add_newsblogconfig", "name": "Can add news blog config", "content_type": 50}, "model": "auth.permission", "pk": 147}, {"fields": {"codename": "change_newsblogconfig", "name": "Can change news blog config", "content_type": 50}, "model": "auth.permission", "pk": 148}, {"fields": {"codename": "delete_newsblogconfig", "name": "Can delete news blog config", "content_type": 50}, "model": "auth.permission", "pk": 149}, {"fields": {"codename": "add_article", "name": "Can add article", "content_type": 52}, "model": "auth.permission", "pk": 150}, {"fields": {"codename": "change_article", "name": "Can change article", "content_type": 52}, "model": "auth.permission", "pk": 151}, {"fields": {"codename": "delete_article", "name": "Can delete article", "content_type": 52}, "model": "auth.permission", "pk": 152}, {"fields": {"codename": "add_newsblogarchiveplugin", "name": "Can add news blog archive plugin", "content_type": 53}, "model": "auth.permission", "pk": 153}, {"fields": {"codename": "change_newsblogarchiveplugin", "name": "Can change news blog archive plugin", "content_type": 53}, "model": "auth.permission", "pk": 154}, {"fields": {"codename": "delete_newsblogarchiveplugin", "name": "Can delete news blog archive plugin", "content_type": 53}, "model": "auth.permission", "pk": 155}, {"fields": {"codename": "add_newsblogarticlesearchplugin", "name": "Can add news blog article search plugin", "content_type": 54}, "model": "auth.permission", "pk": 156}, {"fields": {"codename": "change_newsblogarticlesearchplugin", "name": "Can change news blog article search plugin", "content_type": 54}, "model": "auth.permission", "pk": 157}, {"fields": {"codename": "delete_newsblogarticlesearchplugin", "name": "Can delete news blog article search plugin", "content_type": 54}, "model": "auth.permission", "pk": 158}, {"fields": {"codename": "add_newsblogauthorsplugin", "name": "Can add news blog authors plugin", "content_type": 55}, "model": "auth.permission", "pk": 159}, {"fields": {"codename": "change_newsblogauthorsplugin", "name": "Can change news blog authors plugin", "content_type": 55}, "model": "auth.permission", "pk": 160}, {"fields": {"codename": "delete_newsblogauthorsplugin", "name": "Can delete news blog authors plugin", "content_type": 55}, "model": "auth.permission", "pk": 161}, {"fields": {"codename": "add_newsblogcategoriesplugin", "name": "Can add news blog categories plugin", "content_type": 56}, "model": "auth.permission", "pk": 162}, {"fields": {"codename": "change_newsblogcategoriesplugin", "name": "Can change news blog categories plugin", "content_type": 56}, "model": "auth.permission", "pk": 163}, {"fields": {"codename": "delete_newsblogcategoriesplugin", "name": "Can delete news blog categories plugin", "content_type": 56}, "model": "auth.permission", "pk": 164}, {"fields": {"codename": "add_newsblogfeaturedarticlesplugin", "name": "Can add news blog featured articles plugin", "content_type": 57}, "model": "auth.permission", "pk": 165}, {"fields": {"codename": "change_newsblogfeaturedarticlesplugin", "name": "Can change news blog featured articles plugin", "content_type": 57}, "model": "auth.permission", "pk": 166}, {"fields": {"codename": "delete_newsblogfeaturedarticlesplugin", "name": "Can delete news blog featured articles plugin", "content_type": 57}, "model": "auth.permission", "pk": 167}, {"fields": {"codename": "add_newsbloglatestarticlesplugin", "name": "Can add news blog latest articles plugin", "content_type": 58}, "model": "auth.permission", "pk": 168}, {"fields": {"codename": "change_newsbloglatestarticlesplugin", "name": "Can change news blog latest articles plugin", "content_type": 58}, "model": "auth.permission", "pk": 169}, {"fields": {"codename": "delete_newsbloglatestarticlesplugin", "name": "Can delete news blog latest articles plugin", "content_type": 58}, "model": "auth.permission", "pk": 170}, {"fields": {"codename": "add_newsblogrelatedplugin", "name": "Can add news blog related plugin", "content_type": 59}, "model": "auth.permission", "pk": 171}, {"fields": {"codename": "change_newsblogrelatedplugin", "name": "Can change news blog related plugin", "content_type": 59}, "model": "auth.permission", "pk": 172}, {"fields": {"codename": "delete_newsblogrelatedplugin", "name": "Can delete news blog related plugin", "content_type": 59}, "model": "auth.permission", "pk": 173}, {"fields": {"codename": "add_newsblogtagsplugin", "name": "Can add news blog tags plugin", "content_type": 60}, "model": "auth.permission", "pk": 174}, {"fields": {"codename": "change_newsblogtagsplugin", "name": "Can change news blog tags plugin", "content_type": 60}, "model": "auth.permission", "pk": 175}, {"fields": {"codename": "delete_newsblogtagsplugin", "name": "Can delete news blog tags plugin", "content_type": 60}, "model": "auth.permission", "pk": 176}, {"fields": {"codename": "add_faqconfig", "name": "Can add config", "content_type": 62}, "model": "auth.permission", "pk": 177}, {"fields": {"codename": "change_faqconfig", "name": "Can change config", "content_type": 62}, "model": "auth.permission", "pk": 178}, {"fields": {"codename": "delete_faqconfig", "name": "Can delete config", "content_type": 62}, "model": "auth.permission", "pk": 179}, {"fields": {"codename": "add_category", "name": "Can add category", "content_type": 64}, "model": "auth.permission", "pk": 180}, {"fields": {"codename": "change_category", "name": "Can change category", "content_type": 64}, "model": "auth.permission", "pk": 181}, {"fields": {"codename": "delete_category", "name": "Can delete category", "content_type": 64}, "model": "auth.permission", "pk": 182}, {"fields": {"codename": "add_question", "name": "Can add question", "content_type": 66}, "model": "auth.permission", "pk": 183}, {"fields": {"codename": "change_question", "name": "Can change question", "content_type": 66}, "model": "auth.permission", "pk": 184}, {"fields": {"codename": "delete_question", "name": "Can delete question", "content_type": 66}, "model": "auth.permission", "pk": 185}, {"fields": {"codename": "add_questionlistplugin", "name": "Can add question list plugin", "content_type": 67}, "model": "auth.permission", "pk": 186}, {"fields": {"codename": "change_questionlistplugin", "name": "Can change question list plugin", "content_type": 67}, "model": "auth.permission", "pk": 187}, {"fields": {"codename": "delete_questionlistplugin", "name": "Can delete question list plugin", "content_type": 67}, "model": "auth.permission", "pk": 188}, {"fields": {"codename": "add_categorylistplugin", "name": "Can add category list plugin", "content_type": 68}, "model": "auth.permission", "pk": 189}, {"fields": {"codename": "change_categorylistplugin", "name": "Can change category list plugin", "content_type": 68}, "model": "auth.permission", "pk": 190}, {"fields": {"codename": "delete_categorylistplugin", "name": "Can delete category list plugin", "content_type": 68}, "model": "auth.permission", "pk": 191}, {"fields": {"codename": "add_latestquestionsplugin", "name": "Can add latest questions plugin", "content_type": 69}, "model": "auth.permission", "pk": 192}, {"fields": {"codename": "change_latestquestionsplugin", "name": "Can change latest questions plugin", "content_type": 69}, "model": "auth.permission", "pk": 193}, {"fields": {"codename": "delete_latestquestionsplugin", "name": "Can delete latest questions plugin", "content_type": 69}, "model": "auth.permission", "pk": 194}, {"fields": {"codename": "add_selectedcategory", "name": "Can add Category", "content_type": 70}, "model": "auth.permission", "pk": 195}, {"fields": {"codename": "change_selectedcategory", "name": "Can change Category", "content_type": 70}, "model": "auth.permission", "pk": 196}, {"fields": {"codename": "delete_selectedcategory", "name": "Can delete Category", "content_type": 70}, "model": "auth.permission", "pk": 197}, {"fields": {"codename": "add_topquestionsplugin", "name": "Can add top questions plugin", "content_type": 71}, "model": "auth.permission", "pk": 198}, {"fields": {"codename": "change_topquestionsplugin", "name": "Can change top questions plugin", "content_type": 71}, "model": "auth.permission", "pk": 199}, {"fields": {"codename": "delete_topquestionsplugin", "name": "Can delete top questions plugin", "content_type": 71}, "model": "auth.permission", "pk": 200}, {"fields": {"codename": "add_mostreadquestionsplugin", "name": "Can add most read questions plugin", "content_type": 72}, "model": "auth.permission", "pk": 201}, {"fields": {"codename": "change_mostreadquestionsplugin", "name": "Can change most read questions plugin", "content_type": 72}, "model": "auth.permission", "pk": 202}, {"fields": {"codename": "delete_mostreadquestionsplugin", "name": "Can delete most read questions plugin", "content_type": 72}, "model": "auth.permission", "pk": 203}, {"fields": {"codename": "add_jobsconfig", "name": "Can add Aldryn Jobs configuration", "content_type": 73}, "model": "auth.permission", "pk": 204}, {"fields": {"codename": "change_jobsconfig", "name": "Can change Aldryn Jobs configuration", "content_type": 73}, "model": "auth.permission", "pk": 205}, {"fields": {"codename": "delete_jobsconfig", "name": "Can delete Aldryn Jobs configuration", "content_type": 73}, "model": "auth.permission", "pk": 206}, {"fields": {"codename": "add_jobcategory", "name": "Can add job category", "content_type": 75}, "model": "auth.permission", "pk": 207}, {"fields": {"codename": "change_jobcategory", "name": "Can change job category", "content_type": 75}, "model": "auth.permission", "pk": 208}, {"fields": {"codename": "delete_jobcategory", "name": "Can delete job category", "content_type": 75}, "model": "auth.permission", "pk": 209}, {"fields": {"codename": "add_jobopening", "name": "Can add job opening", "content_type": 77}, "model": "auth.permission", "pk": 210}, {"fields": {"codename": "change_jobopening", "name": "Can change job opening", "content_type": 77}, "model": "auth.permission", "pk": 211}, {"fields": {"codename": "delete_jobopening", "name": "Can delete job opening", "content_type": 77}, "model": "auth.permission", "pk": 212}, {"fields": {"codename": "add_jobapplication", "name": "Can add job application", "content_type": 78}, "model": "auth.permission", "pk": 213}, {"fields": {"codename": "change_jobapplication", "name": "Can change job application", "content_type": 78}, "model": "auth.permission", "pk": 214}, {"fields": {"codename": "delete_jobapplication", "name": "Can delete job application", "content_type": 78}, "model": "auth.permission", "pk": 215}, {"fields": {"codename": "add_jobapplicationattachment", "name": "Can add job application attachment", "content_type": 79}, "model": "auth.permission", "pk": 216}, {"fields": {"codename": "change_jobapplicationattachment", "name": "Can change job application attachment", "content_type": 79}, "model": "auth.permission", "pk": 217}, {"fields": {"codename": "delete_jobapplicationattachment", "name": "Can delete job application attachment", "content_type": 79}, "model": "auth.permission", "pk": 218}, {"fields": {"codename": "add_joblistplugin", "name": "Can add job list plugin", "content_type": 80}, "model": "auth.permission", "pk": 219}, {"fields": {"codename": "change_joblistplugin", "name": "Can change job list plugin", "content_type": 80}, "model": "auth.permission", "pk": 220}, {"fields": {"codename": "delete_joblistplugin", "name": "Can delete job list plugin", "content_type": 80}, "model": "auth.permission", "pk": 221}, {"fields": {"codename": "add_jobcategoriesplugin", "name": "Can add job categories plugin", "content_type": 81}, "model": "auth.permission", "pk": 222}, {"fields": {"codename": "change_jobcategoriesplugin", "name": "Can change job categories plugin", "content_type": 81}, "model": "auth.permission", "pk": 223}, {"fields": {"codename": "delete_jobcategoriesplugin", "name": "Can delete job categories plugin", "content_type": 81}, "model": "auth.permission", "pk": 224}, {"fields": {"codename": "add_group", "name": "Can add Group", "content_type": 83}, "model": "auth.permission", "pk": 225}, {"fields": {"codename": "change_group", "name": "Can change Group", "content_type": 83}, "model": "auth.permission", "pk": 226}, {"fields": {"codename": "delete_group", "name": "Can delete Group", "content_type": 83}, "model": "auth.permission", "pk": 227}, {"fields": {"codename": "add_person", "name": "Can add Person", "content_type": 85}, "model": "auth.permission", "pk": 228}, {"fields": {"codename": "change_person", "name": "Can change Person", "content_type": 85}, "model": "auth.permission", "pk": 229}, {"fields": {"codename": "delete_person", "name": "Can delete Person", "content_type": 85}, "model": "auth.permission", "pk": 230}, {"fields": {"codename": "add_peopleplugin", "name": "Can add people plugin", "content_type": 86}, "model": "auth.permission", "pk": 231}, {"fields": {"codename": "change_peopleplugin", "name": "Can change people plugin", "content_type": 86}, "model": "auth.permission", "pk": 232}, {"fields": {"codename": "delete_peopleplugin", "name": "Can delete people plugin", "content_type": 86}, "model": "auth.permission", "pk": 233}, {"fields": {"username": "user", "first_name": "", "last_name": "", "is_active": true, "is_superuser": true, "is_staff": true, "last_login": "2015-10-12T12:56:41.353Z", "groups": [], "user_permissions": [], "password": "pbkdf2_sha256$15000$3TOMpk54cqvv$nkMSeKq5fEVJNKbdLC5Wkw1p+gyUBANvVfNI8CkqTw0=", "email": "user@example.org", "date_joined": "2015-10-12T12:34:58.487Z"}, "model": "auth.user", "pk": 1}, {"fields": {"action_flag": 2, "action_time": "2015-10-12T12:58:16.657Z", "object_repr": "Home", "object_id": "1", "change_message": "", "user": 1, "content_type": 2}, "model": "admin.logentry", "pk": 1}, {"fields": {"clipboard": 1, "user": 1, "language": "en"}, "model": "cms.usersettings", "pk": 1}, {"fields": {"comment": "Multi Columns plugin added to content", "date_created": "2015-10-12T12:57:33.081Z", "manager_slug": "default", "user": 1}, "model": "reversion.revision", "pk": 1}, {"fields": {"comment": "Multi Columns plugin edited at position 0 in content", "date_created": "2015-10-12T12:57:39.812Z", "manager_slug": "default", "user": 1}, "model": "reversion.revision", "pk": 2}, {"fields": {"comment": "Text plugin added to content", "date_created": "2015-10-12T12:57:46.338Z", "manager_slug": "default", "user": 1}, "model": "reversion.revision", "pk": 3}, {"fields": {"comment": "Text plugin edited at position 0 in content", "date_created": "2015-10-12T12:57:51.409Z", "manager_slug": "default", "user": 1}, "model": "reversion.revision", "pk": 4}, {"fields": {"comment": "Text plugin added to content", "date_created": "2015-10-12T12:57:55.195Z", "manager_slug": "default", "user": 1}, "model": "reversion.revision", "pk": 5}, {"fields": {"comment": "Text plugin edited at position 0 in content", "date_created": "2015-10-12T12:57:59.433Z", "manager_slug": "default", "user": 1}, "model": "reversion.revision", "pk": 6}, {"fields": {"comment": "Text plugin added to content", "date_created": "2015-10-12T12:58:07.722Z", "manager_slug": "default", "user": 1}, "model": "reversion.revision", "pk": 7}, {"fields": {"comment": "Text plugin edited at position 5 in content", "date_created": "2015-10-12T12:58:12.552Z", "manager_slug": "default", "user": 1}, "model": "reversion.revision", "pk": 8}, {"fields": {"comment": "Plugins were moved", "date_created": "2015-10-12T12:58:14.905Z", "manager_slug": "default", "user": 1}, "model": "reversion.revision", "pk": 9}, {"fields": {"comment": "Publish", "date_created": "2015-10-12T12:58:16.675Z", "manager_slug": "default", "user": 1}, "model": "reversion.revision", "pk": 10}]